brewery,brewery_type,address,city,zipcode,county,latitude,longitude,year_established,guild_member,closed_since_2022,untappd_profile_link,January,February,March,April,May,June,July,August,September,October,November,December,total_annual
192 Brewing Company,brewpub,7324 NE 175th Street Ste F,Kenmore,98028,King,47.7566771,-122.2425016,2010,1,0,https://untappd.com/192BrewingCo,,0.5,,,,,,0.33,,,,,
20 Corners Brewing Company,brewpub,14148 NE 190th St - Suite A,Woodinville,98072,King,47.76506654,-122.1510149,2016,0,0,https://untappd.com/20CornersBrewingCompany,104.64,104.64,147.98,72.33,106.73,141.13,175.53,209.93,132.3,104.08,75.86,106.5,1481.65
23rd Ave Brewery,micro,2313 S Jackson St,Seattle,98144,King,47.59927,-122.3018,2018,0,0,https://untappd.com/23rdAveBrewery,,,,,2.0,4.78,5.0,,1.0,14.0,,,
4 Stitch Brewing Company,brewpub,16709 9th Ave SE,Mill Creek,98012,Snohomish,47.84617437,-122.2201877,2017,1,0,https://untappd.com/4StitchBrewingCompany,,2.0,1.25,,4.72,,1.46,3.4,,,,,
45 Degree Brewhouse,brewpub,10421 E Sprague Ave,Spokane Valley,99206,Spokane,47.65741858,-117.2644514,2022,0,0,https://untappd.com/w/45-degree-brewhouse/530239,0.0,0.0,0.0,0.0,0.0,1.77,3.54,5.32,7.09,15.1,23.12,31.13,87.07
5 North Brewing Company,taproom,6501 N Cedar Rd,Spokane,99208,Spokane,47.71758683,-117.4328496,2020,0,1,https://untappd.com/w/5-north-brewing-company/459754,26.14,28.48,25.83,28.27,24.65,22.47,25.81,23.14,18.49,13.17,16.04,14.83,267.32
5 Rights Brewing Company,brewpub,1514 3rd Street,Marysville,98270,Snohomish,48.05083967,-122.1766716,2015,0,0,https://untappd.com/5RightsBrewing,26.52,39.28,52.03,34.08,34.77,57.89,81.0,38.5,35.66,32.83,34.33,67.9,534.79
54°40' Brewing Company,brewpub,3801 S Truman Rd #1,Washougal,98671,Clark,45.56483205,-122.3270743,2015,0,0,https://untappd.com/5440BrewingCompany,329.07,329.07,132.42,187.44,242.45,171.2,160.46,225.37,290.28,355.19,-0.5,-1.82,2420.63
5th Line Brewing Company,micro,1015 E Lincoln Ave Ste 106,Yakima,98901,Yakima,46.60902802,-120.4939929,2021,1,0,https://untappd.com/5thlinebrewingco,4.7,4.78,7.79,6.78,5.78,14.38,10.18,5.96,7.05,9.21,7.12,7.13,90.86
7 Seas Brewing Company,taproom,2101 Jefferson Ave,Tacoma,98402,Pierce,47.242638,-122.439135,2009,1,0,https://untappd.com/7seasbrewing,315.96,336.01,305.77,481.85,442.82,544.22,609.43,563.28,416.25,417.86,276.61,432.0,5142.0599999999995
Acorn Brewing,taproom,2105 E Meridian,Edgewood,98371,Pierce,47.237965,-122.293459,2021,1,0,https://untappd.com/Acorn_Brewing,17.56,26.39,35.22,19.85,19.85,21.58,29.86,38.14,19.55,19.68,19.72,21.58,288.98
Airways Brewing Company,brewpub,8611 S 212th St,Kent,98031,King,47.411994,-122.2249666,2010,1,0,https://untappd.com/airwaysbrewing,34.16,47.15,54.68,59.13,52.93,55.17,63.67,65.24,74.75,63.45,60.89,48.28,679.5
Ale Spike Camano Island Brewing,brewpub,1244 Moore Rd I-1,Camano,98282,Island,48.2572192,-122.4381311,2018,1,0,https://untappd.com/AleSpikeCamanoIslandBrewery,1.94,4.1,6.45,5.25,6.25,6.56,6.57,6.75,5.25,5.82,5.96,3.41,64.31
Anacortes Brewery,micro,320 Commercial Ave,Anacortes,98221,Skagit,48.5192406,-122.6127606,2002,1,0,https://untappd.com/AnacortesBreweryRockfishGrill,11.1,4.6,34.4,62.8,39.65,55.5,66.1,67.5,70.55,44.56,31.0,19.9,507.65999999999997
Ancient Lakes Brewing Company,brewpub,1004 F Street SW #12,Quincy,98848,Grant,47.6105405,-122.308173,2010,0,0,https://untappd.com/ancientlakesbrewing,4.43,1.95,0.76,1.73,4.26,2.14,1.88,1.62,0.9,3.24,5.59,7.93,36.43
Another Round Brewing Company,brewpub,745 N Grand Ave #102,Pullman,99163,Whitman,46.73590969,-117.1759123,2021,0,0,https://untappd.com/AnotherRoundBrewingCo/beer,11.63,11.63,11.63,12.57,13.29,13.0,11.72,14.81,15.18,10.93,12.59,9.94,148.92000000000002
Ashtown Brewing Company,taproom,1175 Hudson St,Longview,98632,Cowlitz,46.13661487,-122.9327409,2013,0,0,https://untappd.com/AshtownBrewingCompany,8.3,8.64,11.75,8.32,7.43,12.18,16.94,8.3,12.2,16.11,7.31,8.36,125.84
Aslan Brewing Company,taproom,1330 N Forest St,Bellingham,98225,Whatcom,48.74801531,-122.4754506,2014,1,0,https://untappd.com/AslanBrewingCompany,362.67,329.33,483.91,472.59,394.46,557.23,502.5,624.47,356.63,366.27,404.17,360.64,5214.87
At Large Brewing,brewpub,2730 W Marine View Drive,Everett,98201,Snohomish,47.98158257,-122.2144055,2015,0,0,https://untappd.com/AtLargeBrewingCompany,13.84,14.67,15.5,28.0,12.83,21.33,21.16,25.33,10.0,11.34,12.17,13.02,199.19
Atomic Ale Brewpub and Eatery,micro,1015 Lee Blvd,Richland,99352,Benton,46.27475215,-119.2782028,2005,0,0,https://untappd.com/w/atomic-ale-brewpub-eatery/15573,11.5,22.4,16.0,14.2,22.25,30.3,12.0,17.3,22.6,29.58,36.55,3.3,237.98
Atwood Farm Brewery,micro,4012 Sweet Rd,Blaine,98230,Whatcom,48.979201,-122.698149,2016,0,0,https://untappd.com/AtwoodFarmBrewery,7.71,7.71,5.42,8.57,11.71,11.79,6.48,9.23,6.61,7.16,7.7,10.67,100.76
Audacity Brewing,micro,1208 10th St Suite C,Snohomish,98290,Snohomish,47.924245,-122.096751,2021,1,0,https://untappd.com/AudacityBrewing,8.33,5.83,2.59,8.8,10.03,4.32,8.45,12.23,8.5,7.13,4.5,6.48,87.19
Backwoods Brewing Company,taproom,1162 Wind River Rd,Carson,98610,Skamania,45.72871954,-121.8203734,2012,0,0,https://untappd.com/BackwoodsBrewingCompany,148.47,162.26,246.93,210.97,201.53,275.74,229.94,280.55,281.01,255.23,140.69,229.86,2663.18
Bad Jimmy's Brewing Company,alt prop,4358 Leary Way Nw,Seattle,98107,King,47.6596601,-122.365556,2014,0,0,https://untappd.com/BadJimmysBrewingCo,15.1,15.1,20.0,64.46,22.4,26.99,25.99,22.83,16.5,8.66,5.0,9.0,252.03
Badass Backyard Brewing,brewpub,1415 N Argonne Rd,Spokane Valley,99212,Spokane,47.66990294,-117.282921,2015,1,0,https://untappd.com/Badass-Backyard-Brewing,3.0,3.0,3.0,3.0,2.5,2.0,4.5,4.5,1.0,3.67,6.33,9.0,45.5
Badger Mountain Brewing Company,taproom,1 Orondo Avenue,Wenatchee,98801,Chelan,47.423866,-120.309043,2013,0,0,https://untappd.com/BadgerMountainBrewing,11.0,27.05,43.1,22.59,29.4,28.74,28.64,21.66,26.81,11.61,14.06,21.25,285.91
Bainbridge Brewing Company,taproom,9415 Coppertop Loop Suite 103-104,Bainbridge Island,98110,Kitsap,47.65010066,-122.5194436,2012,1,0,https://untappd.com/BainbridgeIslandBrewing,62.22,58.44,79.15,92.48,83.84,83.22,113.68,104.54,91.84,100.46,68.35,71.56,1009.78
Bale Breaker Brewing Company,taproom,1801 Birchfield Rd,Yakima,98901,Yakima,46.577022,-120.435339,2013,1,0,https://untappd.com/BaleBreakerBrewing,1535.06,1276.72,1822.97,1900.88,1802.26,2140.11,2302.83,2282.84,1709.75,1536.51,2088.51,1416.19,21814.63
Bardic Brewing and Cider,brewpub,15412 E Sprague Ave Suite 14,Spokane Valley,99037,Spokane,47.65694705,-117.197867,2019,0,0,https://untappd.com/Bardic_Brewing,3.32,1.88,2.9,3.91,3.7,3.49,1.79,3.36,4.93,5.99,7.06,8.12,50.45
Barhop Brewing,brewpub,124 W Railroad Ave,Port Angeles,98362,Clallam,48.12089402,-123.4325304,2011,0,0,https://untappd.com/BarhopBrewing,42.0,42.0,83.0,51.0,84.0,117.0,57.0,63.5,70.0,82.83,52.03,35.88,780.24
Barley POP! Brewing,micro,4715 86th pl ne,Marysville,98270,Snohomish,48.05181215,-122.1772295,1999,1,0,https://untappd.com/BarleyPOPBrewing,,,,,,3.5,3.0,,2.43,0.85,1.85,1.5,
Barlow's Brewery,brewpub,705 SE Park Crest Ave Suite D430,Vancouver,98683,Clark,45.61626235,-122.5222064,2020,0,1,https://untappd.com/BarlowsBrewery,5.48,,,0.67,,,,,,,,,
Barrel Mountain Brewing,brewpub,607 E Main St,Battle Ground,98604,Clark,45.78085889,-122.5309307,2016,0,0,https://untappd.com/BarrelMountainBrewing,106.29,111.75,167.61,153.19,191.01,183.67,143.91,209.85,156.76,150.98,152.74,121.47,1849.23
Bastion Brewing Company,taproom,12529 Christianson Rd,Anacortes,98221,Skagit,48.4617823,-122.5706139,2016,0,0,https://untappd.com/BastionBrewingCompany,,,,,,,113.55,85.4,,51.4,,57.3,
Beach Cat Brewing,brewpub,7876 Birch Bay Dr #101,Blaine,98230,Whatcom,48.92825894,-122.7382271,2021,1,0,https://untappd.com/w/beach-cat-brewing/461545,21.0,21.0,16.0,18.0,46.5,49.5,52.5,61.75,71.0,18.0,23.0,13.5,411.75
Beardslee Public House,brewpub,19116 112th Ave Ne,Bothell,98011,Snohomish,47.7662638,-122.191975,2015,1,0,https://untappd.com/w/beardslee-public-house/159258,32.5,37.0,52.0,27.5,55.5,39.5,50.0,57.5,44.5,30.0,29.5,53.0,508.5
Bellevue Brewing Company,taproom,1820 130th Avenue NE Suite 2,Bellevue,98005,King,47.62658291,-122.1669286,2011,1,0,https://untappd.com/bellevuebrewingcompany,40.89,57.15,69.68,73.89,65.29,60.8,114.79,69.48,123.56,88.04,94.34,120.66,978.57
Bellwether Brewing Company,brewpub,2019 N Monroe Street,Spokane,99205,Spokane,47.67599738,-117.4267963,2016,0,0,https://untappd.com/BellwetherBrewingCompany,7.0,23.66,12.33,13.16,19.67,22.66,14.67,11.83,21.84,19.16,20.0,16.16,202.14
Bennidito's Brewpub,taproom,1909 E Sprague,Spokane,99202,Spokane,47.657375,-117.382272,2016,0,0,https://untappd.com/w/bennidito-s-brew-pub/212553,37.01,19.89,36.38,35.0,44.0,37.16,14.66,43.76,72.86,45.76,38.57,31.38,456.43
Bent Bine Brewing Company,taproom,23297 State Route 3,Belfair,98528,Mason,47.444987,-122.832246,2017,0,0,https://untappd.com/BentBineBrewCo,39.3,39.3,24.4,9.5,10.71,11.92,31.76,51.6,42.67,33.73,24.8,24.8,344.49
Berchmans Brewing Company,nano,25 North Front Street,Yakima,98901,Yakima,46.602834,-120.507761,2014,0,1,https://untappd.com/BerchmansBrewingCompany,,,1.0,,,,,,,1.0,1.0,,
Best of Hands Barrelhouse,brewpub,7500 35th Ave SW,Seattle,98126,King,47.535,-122.376,2019,0,0,https://untappd.com/BestOfHands,15.25,10.25,17.57,18.89,13.31,18.28,29.88,10.26,23.33,16.92,15.16,15.16,204.26
Bickersons Brewhouse,taproom,4710 NE 4th St #C105,Renton,98059,King,47.488866,-122.155393,2021,1,0,https://untappd.com/BickersonsBrewhouse,11.61,24.05,16.28,18.25,29.08,28.01,34.79,62.85,42.11,61.94,21.28,19.77,370.02
Big Block Brewing,taproom,3310 E Lake Sammamish Pkwy SE,Sammamish,98074,King,47.5796686,-122.0741734,2014,0,0,https://untappd.com/bigblockbrews,36.06,55.26,53.65,25.39,48.1,58.61,37.26,43.58,54.39,43.19,46.52,8.71,510.72
Big House Brewpub,brewpub,11 S Palouse St,Walla Walla,99362,Walla Walla,46.0690413,-118.3347678,2019,1,0,https://untappd.com/BigHouseBrewPub,39.0,21.0,21.0,35.0,49.0,28.0,41.0,54.0,67.0,58.67,50.33,42.0,506.0
Big Time Brewery,brewpub,4133 University Ave NE,Seattle,98105,King,47.65795447,-122.3136539,1988,0,0,https://untappd.com/BigTimeBrewingCompany,83.5,83.5,54.75,56.0,57.25,89.1,120.95,97.5,62.0,78.12,94.25,94.25,971.17
Birdsview Brewing Company,micro,38302 State Rt 20,Concrete,98237,Skagit,48.52822071,-121.9130771,2006,0,0,https://untappd.com/BirdsviewBrewingCompany,20.2,32.7,24.8,26.6,13.3,26.4,37.6,19.1,33.3,12.0,19.5,19.7,285.2
Bizarre Brewing,brewpub,4441 26th Ave W Suite A,Seattle,98199,King,47.66058456,-122.3902884,2022,1,0,https://untappd.com/BizarreBrewing,0.0,0.0,0.0,0.0,0.0,0.0,0.0,0.0,0.0,27.51,21.97,30.88,80.36
Black Fleet Brewing,taproom,2302 Fawcett Ave,Tacoma,98402,Pierce,47.240775,-122.440565,2019,1,0,https://untappd.com/BlackFleetBrewing,9.42,12.94,11.94,13.51,16.44,15.74,17.08,22.1,14.67,11.98,9.56,11.05,166.43
Black Label Brewing Company,micro,W 19 Main Ave,Spokane,99201,Spokane,47.6587606,-117.41198,2015,0,0,https://untappd.com/BlackLabelBrewingCompany,8.0,8.0,8.0,12.5,19.0,25.5,32.0,34.83,37.67,40.5,40.5,40.5,307.0
Black Raven Brewing Company,micro,15902 Woodinville-Redmond Rd NE,Woodinville,98072,King,47.74648386,-122.1631586,2009,1,0,https://untappd.com/BlackRavenBrewingCompany,-10.54,1194.46,21.73,1590.16,878.09,-5.95,1774.78,904.37,-6.81,1888.28,-7.05,684.23,8905.75
Blackbeard's Brewing Company,brewpub,700 W Ocean Ave,Westport,98595,Grays Harbor,46.88708755,-124.1119257,2015,0,0,https://untappd.com/Blackbeards,8.0,24.0,28.0,32.0,24.0,24.0,16.0,50.0,17.5,8.0,8.0,8.0,247.5
Blewett Brewing Company,micro,911 Commercial Street,Leavenworth,98826,Chelan,47.5966521,-120.6561619,2016,1,0,https://untappd.com/BlewettBrewing,15.1,16.6,18.4,21.85,22.45,34.1,39.05,43.25,45.3,31.6,22.5,28.0,338.2
Bombing Range Brewing Company,micro,2000 Logston Blvd #126,Richland,99354,Benton,46.318477,-119.301893,2017,0,0,https://untappd.com/w/bombing-range-brewing-company/298095,40.66,45.1,46.87,48.02,44.79,50.47,47.31,41.12,47.71,45.88,39.98,40.44,538.35
Bottle Bay Brewing Company,brewpub,503 E 30th Ave,Spokane,99203,Spokane,47.62733743,-117.4029121,2020,0,0,https://untappd.com/BottleBayBrewingCo,4.0,4.0,14.5,25.0,35.5,46.0,54.5,63.0,71.5,80.0,80.0,80.0,558.0
Boundary Bay Brewery,brewpub,1107 Railroad Ave,Bellingham,98225,Whatcom,48.74721696,-122.4810156,1995,1,0,https://untappd.com/bbaybrewery,304.31,416.68,495.1,559.19,458.02,613.18,577.56,461.11,538.55,477.46,372.26,340.11,5613.53
BreakThru Brewing Company,taproom,8611 S 212th St,Kent,98031,King,47.411994,-122.2249666,2021,1,0,https://untappd.com/BreakThruBrewingCompany,15.0,11.5,7.75,4.0,8.0,4.5,4.5,12.0,11.5,11.0,8.0,10.0,107.75
Brewbakers Brewing Company,micro,11927 84th St Ne,Lake Stevens,98258,Snohomish,48.07243446,-122.0676933,2015,0,0,https://untappd.com/w/brewbakers-brewery-wa/219768,1.5,2.5,1.5,1.5,2.0,1.5,3.0,2.0,2.0,3.0,1.0,1.0,22.5
Brick West Brewing Company,brewpub,1318 West 1St Ave Ste 1,Spokane,99201,Spokane,47.6565999,-117.4314751,2020,1,0,https://untappd.com/BrickWestBrewing,153.33,110.65,201.44,154.67,182.94,223.45,184.62,154.63,193.33,198.86,113.69,163.09,2034.7
Bron Yr Aur Brewing Company,micro,12160 Us Hwy 12,Naches,98937,Yakima,46.7386529,-120.73932,2015,0,0,https://untappd.com/BronYrAurBrew,20.17,20.17,27.5,21.75,25.92,26.7,28.44,32.02,24.14,24.04,10.32,18.54,279.71000000000004
Brother Ass Brewing,taproom,11700 NE 54Th Ct,Vancouver,98686,Clark,45.70626635,-122.6172247,2015,0,0,https://untappd.com/BrotherAssBrewing,4.29,14.37,8.7,3.02,7.03,8.65,6.33,7.39,5.91,4.28,7.33,4.53,81.83
Brothers Cascadia Brewing,taproom,9811 NE 15th Ave,Vancouver,98665,Clark,45.69223,-122.655954,2017,0,0,https://untappd.com/BrothersCascadia,98.21,127.43,115.64,155.46,195.27,124.47,105.48,72.43,98.12,84.7,92.9,72.81,1342.92
Bugu Brewing Company,taproom,14751 N Kelsey St Suite 107,Monroe,98272,Snohomish,47.8640911,-121.975192,2021,1,0,https://untappd.com/BuguBrewing,1.65,3.44,2.46,4.94,3.94,4.27,7.88,11.49,4.29,4.05,4.06,5.7,58.17
Burke-Gilman Brewing Company,taproom,3626 NE 45th St #102,Seattle,98105,King,47.6614658,-122.288056,2018,1,0,https://untappd.com/BurkeGilmanBrewingCompany,34.2,33.1,155.47,277.84,28.7,56.0,83.3,67.4,51.5,57.4,37.65,17.9,900.4599999999999
Burwood Brewing Company,micro,1120 E St,Walla Walla,99362,Walla Walla,46.0933964,-118.2659,2014,1,0,https://untappd.com/BurwoodBrewingCompany,30.95,38.49,46.22,44.54,51.73,72.16,46.96,49.02,56.25,36.3,39.67,34.09,546.38
Byron Street Brewery,taproom,3388 NW Byron Street Suite 101,Silverdale,98383,Kitsap,47.6447357,-122.6956894,2022,0,0,https://untappd.com/w/byron-street/529245,0.0,0.0,0.0,0.0,0.0,0.0,0.83,1.67,2.5,5.5,4.0,2.5,17.0
Cairn Brewing,micro,7204 NE 175th St,Kenmore,98028,King,47.756734,-122.244177,2016,0,0,https://untappd.com/CairnBeer,26.0,10.5,43.5,28.5,43.5,31.0,33.0,38.0,36.0,34.0,31.5,12.5,368.0
Camas Brewing Company,taproom,335 NE Cedar St,Camas,98607,Clark,45.58542289,-122.4038144,2021,0,1,https://untappd.com/CamasBrewingCo,18.0,18.0,18.0,8.38,-1.25,7.0,15.25,23.5,8.75,9.58,9.58,9.58,144.37
Camp Colvos Brewing,brewpub,17636 Vashon Hwy Sw,Vashon,98070,King,47.4464422,-122.4601578,2018,0,0,https://untappd.com/CampColvosBrewing,55.8,55.8,32.6,37.9,41.9,67.85,93.8,48.8,43.7,55.05,66.4,29.9,629.5
Captain's Brewing Company,micro,Ridgefield,Ridgefield,98642,Clark,45.80739412,-122.7144115,2017,0,0,https://untappd.com/w/captain-s-brewing-company/389266,0.17,0.5,0.42,0.42,0.42,0.42,0.39,0.35,0.32,0.32,0.32,0.32,4.37
Cardinal Craft Brewing,brewpub,15579 Peterson Rd,Burlington,98233,Skagit,48.47251215,-122.4098098,2016,0,0,https://untappd.com/CardinalCraftBrewing,13.0,13.0,11.0,9.0,7.0,5.0,3.67,2.33,1.0,1.0,6.0,6.0,78.0
Chainline Brewing Company,brewpub,500 Uptown Court Suite 210,Kirkland,98033,King,47.678357,-122.198164,2015,1,0,https://untappd.com/ChainlineBrewingCompany,66.74,123.38,126.59,139.59,-0.29,262.77,136.94,179.1,161.48,88.73,95.47,84.98,1465.48
Chaos Bay Brewing Company,brewpub,1100 Perry Ave,Bremerton,98310,Kitsap,47.5703729,-122.6136835,2021,0,0,https://untappd.com/DerBlokkenBrewery,,,,,,,,,,7.0,5.0,4.0,
Chief Spring's Fire and Irons Brewpub,micro,148 E Main St,Dayton,99328,Columbia,46.31924865,-117.9813348,2013,1,0,https://untappd.com/ChiefSpringsFireIronsBrewpub,21.87,21.87,13.36,9.71,9.97,18.56,11.41,10.83,10.72,14.12,17.52,10.7,170.64000000000001
Chuckanut Brewery,taproom,11937 Higgins Airport Way,Burlington,98233,Skagit,48.47346346,-122.4119584,2008,1,0,https://untappd.com/ChuckanutBrewery,263.4,283.3,465.2,291.1,351.45,389.8,349.3,457.6,322.6,-1.5,591.3,252.11,4015.66
Cloudburst Brewing,taproom,2116 Western Ave,Seattle,98121,King,47.61141494,-122.3449973,2015,1,0,https://untappd.com/CloudburstBrewing,139.42,159.64,181.46,175.84,167.88,181.92,166.44,196.28,168.52,164.29,147.81,150.56,2000.06
Cole Street Brewery,brewpub,2551 Cole Street-Suite R,Enumclaw,98022,King,47.2038796,-121.98903,2014,0,0,https://untappd.com/ColeStreetBreweryEnumclaw,2.0,,2.0,2.6,,,9.0,,,,,,
Common Language Brewing Company,micro,"926 W Sprague Ave, Spokane, WA",Spokane,99201,Spokane,47.6575152,-117.4262344,2022,0,1,https://untappd.com/w/common-language-brewing/519175,0.0,0.0,47.0,15.0,22.5,3.0,50.0,22.0,10.0,42.0,13.0,4.5,229.0
Counterbalance Brewing Company,micro,503 S Michigan St Ste B,Seattle,98108,King,47.545389,-122.3305859,2015,0,1,https://untappd.com/Counterbalance,27.28,40.84,39.74,39.02,36.39,42.68,28.46,37.41,25.27,13.58,13.58,13.58,357.83
Cowiche Creek Brewing Company,micro,514 Thompson Rd,Cowiche,98923,Yakima,46.65831896,-120.6834142,2018,1,0,https://untappd.com/CowicheCreek,59.66,37.5,48.5,96.99,43.49,46.0,36.0,117.11,69.66,31.67,16.0,5.17,607.75
Crane's Castle Brewing Company,taproom,1550 NE Riddell Rd Suite #180,Bremerton,98310,Kitsap,47.60686,-122.6281819,2018,0,0,https://untappd.com/CranesCastleBrewing,7.2,7.78,10.53,8.33,9.7,9.47,9.95,9.38,7.7,9.5,7.53,8.04,105.11
Crooked Label Brewing Company,brewpub,773 Village Way,Monroe,98272,Snohomish,47.850331,-121.98083,2021,0,0,https://untappd.com/w/crooked-label-brewing-company/487482,6.0,6.0,6.0,6.0,6.0,9.0,9.0,12.0,12.0,12.0,12.0,9.0,105.0
Crossbuck Brewing,micro,410 N 2nd Ave,Walla Walla,99362,Walla Walla,46.07018805,-118.342071,2018,1,0,https://untappd.com/xbuckbrewing,16.69,10.34,18.87,22.11,21.68,32.01,42.34,103.23,26.51,20.7,12.47,21.77,348.72
Crossed Arrows Brewery,taproom,14004 Purdy Dr Gig harbor,Gig Harbor,98332,Pierce,47.3853763,-122.6292102,2019,0,0,https://untappd.com/Crossed_Arrows_Brewery,,,,,,,,,,,,1.0,
Crucible Brewing Company,micro,909 SE Everett Mall Way Ste D440,Everett,98208,Snohomish,47.91063493,-122.2196672,2015,0,0,https://untappd.com/CrucibleBrewing,49.92,110.51,133.33,131.26,167.38,189.8,212.22,92.25,90.06,78.67,67.28,263.27,1585.95
Cursed Brewing,taproom,3108 S Lloyd Ln,Spokane,99223,Spokane,47.6259653,-117.3437658,2022,1,1,https://untappd.com/CursedBrewing,0.0,0.0,0.0,0.0,0.0,0.0,0.0,0.0,0.0,4.78,4.78,-3.06,6.5
Darach Brewing Company,taproom,1015 N State St,Bellingham,98225,Whatcom,48.74570657,-122.4813808,2022,0,1,https://untappd.com/v/darach-brewing-company/11718840,0.0,0.0,0.0,0.0,0.0,0.0,0.0,0.0,0.0,0.0,0.0,5.5,5.5
Decibel Brewing Company,micro,18204 Bothell Everett Hwy Suite C,Bothell,98012,Snohomish,47.8332561,-122.2103369,2016,0,1,https://untappd.com/DecibelBrewing,,6.02,,,,,,,,,,4.52,
Deep Draft Brewing,brewpub,3536 W Belfair Valley Rd,Bremerton,98312,Kitsap,47.5291651,-122.699005,2016,0,0,https://untappd.com/Deep_Draft_Brewing_Co,12.13,14.26,18.58,15.57,19.88,23.17,25.46,21.93,20.99,16.5,17.06,10.34,215.87
Diamond Knot Brewing Company,brewpub,621 Front St,Mukilteo,98275,Snohomish,47.94855427,-122.3049752,1993,1,0,https://untappd.com/diamondknot,207.84,214.13,375.71,296.93,367.95,308.92,274.73,370.69,279.6,282.43,311.28,183.75,3473.96
Dick's Brewing Company,taproom,3516 Galvin Road,Centralia,98531,Lewis,46.73549248,-122.9999643,1994,0,0,https://untappd.com/DicksBrewingCompany,208.76,89.05,112.2,135.35,118.46,101.57,133.63,165.69,197.75,144.72,91.68,32.27,1531.1299999999999
Dirty Couch Brewing,taproom,2715 W Fort St,Seattle,98199,King,47.66117377,-122.3919126,2017,0,0,https://untappd.com/DirtyCouchBrewing,,,,33.12,,17.28,,,,,61.86,,
Discovery Bay Brewing,brewpub,948 North Park Ave,Port Townsend,98368,Jefferson,48.1066899,-122.8026616,2018,0,0,https://untappd.com/DiscoveryBayBrewing,7.1,6.56,9.29,10.45,11.77,11.19,14.37,13.36,11.2,9.48,4.74,6.3,115.81
District Brewing,taproom,520 Main St,Mt Vernon,98273,Skagit,48.41945088,-122.3387976,2021,1,0,https://untappd.com/w/district-brewing/461833,25.36,30.38,118.03,71.86,72.95,139.61,103.2,96.51,66.87,82.53,113.79,63.05,984.14
Doghaus Brewery,brewpub,321 9th St,Leavenworth,98826,Chelan,47.5948746,-120.660143,2015,1,0,https://untappd.com/DoghausBrewery,3.75,10.25,5.75,9.0,11.5,17.25,13.25,17.25,16.25,14.0,4.25,7.0,129.5
Doomsday Brewing Company,brewpub,421 C St Unit 1B,Washougal,98671,Clark,45.58082254,-122.3732983,2012,0,0,https://untappd.com/DoomsdayBrewingCompany,31.0,30.5,39.0,33.5,31.0,37.5,36.5,41.5,34.0,32.0,32.0,27.0,405.5
Double Bluff Brewing Company,micro,112 Anthes Ave,Langley,98260,Island,48.04026045,-122.4095264,2015,1,0,https://untappd.com/DBLFBrewing,8.23,9.35,14.84,14.03,14.03,12.58,16.94,14.35,12.42,11.29,12.1,6.77,146.93
Downpour Brewing,brewpub,10991 NE State Highway 104,Kingston,98346,Kitsap,47.80129209,-122.5002286,2014,0,0,https://untappd.com/Downpour_Brewing,21.0,21.0,12.0,12.0,12.0,15.0,13.5,12.0,24.0,24.0,24.0,24.0,214.5
Dreadnought Brewing,micro,16726 146th St SE Suite 153,Monroe,98272,Snohomish,47.864151,-122.006187,2015,0,0,https://untappd.com/DreadnoughtBrewing-brewer,4.5,4.0,5.5,7.5,9.5,9.0,8.5,8.5,8.5,8.75,9.0,9.0,92.25
Dru Bru,micro,10 Pass Life Way,Snoqualmie Pass,98068,King,47.4211528,-121.4124,2014,1,0,https://untappd.com/DruBru,206.37,302.96,337.66,302.57,327.29,442.43,433.26,466.01,519.14,314.67,360.73,365.75,4378.84
Dubtown Brewing Company,brewpub,201 Main Avenue South,Renton,98057,King,47.481022,-122.2044169,2019,0,0,https://untappd.com/w/dubtown-brewing-company/436623,5.0,19.0,4.5,14.5,19.0,9.5,4.5,19.0,5.0,14.5,19.0,9.5,143.0
Dunagan Irish Pub and Brewery,micro,3222 56th St,Gig Harbor,98335,Pierce,47.252925,-122.439425,2021,0,0,https://untappd.com/DunaganBrewingCompany,5.5,5.5,5.5,4.5,4.0,3.5,3.0,4.0,5.0,6.0,6.0,6.0,58.5
Dungeness Brewing Company,micro,4017 S Mt Angeles Road,Port Angeles,98362,Clallam,48.088854,-123.418159,2012,0,0,https://untappd.com/DungenessBrewingCompany,,,,,,,,,0.8,0.8,,,
Dwinell Country Ales,micro,206 West Broadway Street,Goldendale,98620,Klickitat,45.82292352,-120.8247793,2017,1,0,https://untappd.com/DwinellCountyAles,1.52,10.8,6.26,8.1,7.28,6.24,6.8,17.94,8.3,7.81,4.52,0.41,85.98
Dystopian State Brewing Company,micro,611 S Baker St,Tacoma,98402,Pierce,47.25836177,-122.4433036,2016,0,0,https://untappd.com/DystopianStateBrewingCompany,50.5,29.15,7.8,24.1,40.4,41.97,43.53,45.1,40.28,35.45,30.62,25.8,414.7
E2W Brewing,micro,12913 Shady Glen Ave SE,Olalla,98359,Kitsap,47.432463,-122.594069,2020,0,1,https://untappd.com/E2WBrewing,1.75,2.42,3.09,2.0,,4.85,,,,,,,
E9 Brewing Company,micro,2506 Fawcett Ave,Tacoma,98402,Pierce,47.238206,-122.440021,1995,0,0,https://untappd.com/EngineHouseNo9,142.89,187.39,221.89,225.03,208.38,230.98,218.46,232.84,1160.95,180.98,192.9,232.3,3434.99
Echoes Brewing Company,micro,19815 Viking Ave Nw,Poulsbo,98370,Kitsap,47.74292547,-122.6570659,2020,0,0,https://untappd.com/EchoesBrewing,17.85,16.83,35.91,28.83,31.35,34.09,38.18,47.59,39.53,43.83,40.55,31.84,406.38
Elk Head Brewing Company,micro,28120 Hwy 410 A-#10,Buckley,98321,Pierce,47.1590532,-122.05279,2005,0,0,https://untappd.com/CMORGANROTH,21.29,26.69,30.25,30.83,26.7,28.77,32.03,28.1,29.58,24.41,25.19,29.31,333.15
Elliott Bay Brewing Company,brewpub,4720 California Ave Sw,Seattle,98116,King,47.56067351,-122.3866724,2001,1,0,https://untappd.com/ElliottBay,95.7,105.9,133.0,157.62,87.1,176.54,95.1,122.92,103.38,74.3,95.73,116.56,1363.85
Elysian Brewing,large,1221 E Pike St,Seattle,98122,King,47.61402422,-122.3164608,1999,0,0,https://untappd.com/ElysianBrewing,874.69,780.65,-101.03,2182.4,1447.5,947.41,1211.8,1545.98,1207.3,1627.5,507.17,732.5,12963.87
Everybody's Brewing,micro,151 E Jewitt Blvd,White Salmon,98672,Klickitat,45.7273156,-121.48538,2009,1,0,https://untappd.com/EverybodysBrewing,184.47,200.68,320.71,278.26,295.38,313.73,284.98,409.67,313.55,206.14,276.42,187.26,3271.25
Explorer Brewing Company,micro,209 Ash St,Kelso,98626,Cowlitz,46.14223043,-122.9120371,2019,1,0,https://untappd.com/ExplorerBrewingCompany,8.2,8.75,10.56,8.91,7.98,10.03,11.2,12.71,12.38,6.46,12.66,18.86,128.7
Fair Isle Brewing,brewpub,936 NW 49th St,Seattle,98107,King,47.66446655,-122.3691185,2017,1,0,https://untappd.com/Fair_Isle_Brewing,35.06,20.99,50.87,42.56,33.26,104.07,36.94,61.92,0.0,46.95,52.3,25.05,509.97
Farmstrong Brewing Company,micro,110 Stewart Rd,Mount Vernon,98273,Skagit,48.44308447,-122.3427346,2015,0,0,https://untappd.com/FarmStrong1,85.7,73.98,153.2,104.67,165.96,163.76,154.8,213.71,254.95,296.2,337.44,378.68,2383.05
Fast Fashion Beer,micro,1723 1st Ave S,Seattle,98134,King,47.5874822,-122.334465,2021,0,0,https://untappd.com/FastFashion,75.0,48.0,59.0,70.0,28.0,48.0,30.0,55.0,80.0,61.0,42.0,40.0,636.0
Fathom and League Hop Yard Brewery,micro,360 Grandview Dr,Sequim,98382,Clallam,48.10295,-123.15689,2010,0,0,https://untappd.com/w/fathom-and-league-hop-yard-brewery/11933,0.5,0.5,0.5,0.25,1.0,1.0,1.0,1.5,0.25,2.58,1.79,1.0,11.870000000000001
Fermentation Initiative,micro,626 S Tacoma Way Suite D,Tacoma,98409,Pierce,47.23115343,-122.472903,2019,0,0,https://untappd.com/w/fermentation-initiative/495513,,,,,4.0,5.0,4.0,5.0,,9.0,,7.0,
Figurehead Brewing Company,brewpub,4001 21St Ave W Unit B,Seattle,98199,King,47.655754,-122.383509,2016,1,0,https://untappd.com/FigureheadBrewingCompany,19.0,19.51,36.11,52.72,21.85,31.77,25.23,31.75,23.67,33.09,22.37,11.58,328.65000000000003
Fired Up Brewing,Micro,1235 Main St,Colville,99114,Stevens,48.5325833,-117.90358,2020,0,0,https://untappd.com/w/fired-up-brewing/385634,14.51,16.1,12.82,21.03,29.24,23.74,12.82,22.01,31.2,18.53,7.56,12.23,221.79
Five Dollar Ranch Brewing Company,micro,1570 Beet Road,Walla Walla,99362,Walla Walla,46.00330493,-118.4184413,1999,1,0,https://untappd.com/FiveDollarRanchBrewing,10.04,9.58,14.35,9.9,12.6,15.06,17.3,16.16,17.22,14.31,12.34,17.67,166.53
Five Dons Brewing,micro,1158 11th Ave,Longview,98632,Cowlitz,46.13417992,-122.9326287,2014,0,0,https://untappd.com/FiveDonsBrewing,,,,,,,,29.5,,,,,
Floodland Brewing,brewpub,3806 Woodland Park Ave North Suite 100,Seattle,98103,King,47.65298328,-122.3434898,2018,0,0,https://untappd.com/w/floodland-brewing/379455,42.03,42.03,42.03,48.46,54.9,43.08,31.26,33.18,35.1,39.1,39.1,39.1,489.37
Flyers Restaurant and Brewery,micro,32295 State Route 20,Oak Harbor,98277,Island,48.29909489,-122.6522856,2005,0,0,https://untappd.com/w/flyers-restaurant-and-brewery/538,62.25,62.25,63.81,65.38,66.94,68.5,65.0,61.5,59.5,57.5,55.5,55.5,743.63
Flying Bike Cooperative Brewery,micro,8570 Greenwood Ave N,Seattle,98103,King,47.69127653,-122.355187,2015,1,0,https://untappd.com/FlyingBikeCoop,22.5,66.53,33.14,38.75,25.67,32.21,38.75,66.16,69.4,72.64,23.08,23.08,511.91
Flying Lion Brewing,micro,5041 Rainier Ave S,Seattle,98118,King,47.55599035,-122.2842825,2014,1,0,https://untappd.com/Flying_Lion_Brewing,29.26,39.64,25.64,27.27,58.92,49.07,32.64,51.75,54.11,38.03,59.75,33.11,499.19
Foggy Noggin Brewing,micro,22329 5rd Avenue Se,Bothell,98021,Snohomish,47.794526,-122.16108,2010,1,0,https://untappd.com/foggynogginbrewing,3.17,4.0,4.83,1.34,3.0,1.83,5.84,2.0,3.0,3.0,1.67,3.0,36.68
For the Love of God Brewing,micro,2617 W Northwest Blvd,Spokane,99205,Spokane,47.685429,-117.4497909,2020,0,0,https://untappd.com/ForTheLoveOfGodBrewing,7.0,5.0,10.0,10.0,19.0,10.0,12.0,14.0,14.0,10.0,11.0,6.0,128.0
Formula Brewing,micro,1875 NW Poplar Way,Issaquah,98027,King,47.549578,-122.066248,2020,1,0,https://untappd.com/Formula_Brewing,49.0,89.05,129.1,91.5,54.52,74.67,110.65,55.81,91.58,127.34,7.0,52.71,932.93
Fortside Brewing Company,micro,2200 NE Andresen #B,Vancouver,98661,Clark,45.63847877,-122.6010678,2014,1,0,https://untappd.com/FortsideBrewing,59.59,66.6,75.23,97.03,72.1,105.45,96.34,116.03,74.39,123.88,63.78,37.66,988.08
Forward Operating Base Brewing Company,brewpub,2750 Williamson Place NW #100,Dupont,98327,Pierce,47.1077533,-122.62308,2017,0,0,https://untappd.com/FOBBrewingCo,25.0,25.0,21.5,18.0,14.5,11.0,9.5,8.0,13.67,19.33,25.0,25.0,215.5
Four Generals Brewing,micro,229 Wells Ave S,Renton,98057,King,47.4801424,-122.205586,2016,1,0,https://untappd.com/Four_Generals_Brewing,17.76,16.87,16.4,16.32,22.09,23.47,18.26,21.64,17.28,15.45,14.2,11.83,211.57
Four Horsemen Brewery,micro,30221 148th Ave Se,Kent,98042,King,47.3309245,-122.14497,2016,0,0,https://untappd.com/FourHorsemenBrewery,3.1,3.97,-16.26,7.39,10.2,13.0,12.0,11.0,8.5,6.0,4.0,4.0,66.9
Four-Eyed Guys Brewing Company,regional,910 W Indiana Ave,Spokane,99205,Spokane,47.67501697,-117.425459,2021,0,0,https://untappd.com/w/four-eyed-guys-brewing/325691,8.5,15.5,13.16,11.82,18.56,25.3,7.1,11.33,16.67,18.17,19.67,15.67,181.45000000000002
Fremont Brewing Company,micro,3409 Woodland Pk Ave N,Seattle,98103,King,47.64889041,-122.3441613,2009,1,0,https://untappd.com/fremontbrewing,2432.57,2138.85,2791.82,2529.55,2605.31,3071.87,2713.02,2729.31,2815.22,2046.05,2426.99,3203.74,31504.3
Fringe Brewing,micro,5640 3rd Ave,Ferndale,98248,Whatcom,48.846042,-122.59303,2019,1,0,https://untappd.com/FrinGeBrewing,6.5,32.0,19.5,20.0,33.5,32.5,7.4,20.25,27.5,26.5,38.5,18.5,282.65
Future Primitive Brewing,micro,9832 14th Ave Sw,Seattle,98106,King,47.51429325,-122.352378,2018,1,0,https://untappd.com/w/future-primitive-brewing/415188,93.77,74.43,123.34,186.26,249.19,147.89,92.88,90.08,153.97,84.91,73.7,92.96,1463.38
Gallaghers Where U Brew,micro,180 W Dayton St Suite #105,Edmonds,98020,Snohomish,47.8089416,-122.3867089,2005,0,0,https://untappd.com/w/gallaghers-where-u-brew/7847,31.23,31.23,16.58,14.24,16.24,18.23,3.77,3.07,17.68,35.99,18.06,17.93,224.25
Garden Path Fermentation,micro,11653 Higgins Airport Way,Burlington,98233,Skagit,48.4764227,-122.41778,2018,1,0,https://untappd.com/GardenPathFermentation,2.96,3.13,10.68,4.46,6.45,6.62,7.84,7.24,6.79,2.87,4.09,3.2,66.33
Garland Brew Werks,brewpub,603 W Garland Ave,Spokane,99205,Spokane,47.693348,-117.42031,2020,0,0,https://untappd.com/GarlandBrewWerks,13.59,28.54,43.5,50.47,57.44,45.77,34.1,40.98,47.85,54.73,41.86,28.99,487.82
Geaux Brewing,micro,425 E Main St,Auburn,98002,King,47.3082013,-122.2232925,2013,0,0,https://untappd.com/GeauxBrewing,,21.26,,,,,,37.59,,,,,
Genus Brewing,regional,14109 E Sprague Ave #8,Spokane Valley,99216,Spokane,47.69331222,-117.4203837,2013,0,0,https://untappd.com/GenusBrewingCo,5.82,5.78,8.3,6.45,5.54,6.77,6.86,5.82,6.34,5.9,3.92,4.11,71.61
Georgetown Brewing Company,micro,5200 Denver Ave S,Seattle,98108,King,47.55525135,-122.3255385,2003,1,0,https://untappd.com/gtb,6409.97,6503.01,8538.23,8672.18,8855.93,9571.99,8722.62,10193.51,9227.2,8985.2,9315.17,7380.14,102375.15000000001
Ghost Runners Brewery,micro,4216 NE Minnehaha St #108,Vancouver,98661,Clark,45.668467,-122.628189,2012,0,0,https://untappd.com/GhostRunners,18.35,18.49,25.44,23.81,24.85,23.1,19.99,23.6,23.73,26.82,18.67,16.89,263.74
Ghostfish Brewing Company,micro,2942 1St Ave S,Seattle,98134,King,47.57733551,-122.3340811,2015,1,0,https://untappd.com/GhostfishBrewingCompany,97.63,150.56,107.58,144.68,158.43,198.79,176.19,168.36,223.38,161.31,140.69,156.32,1883.92
Gig Harbor Brewing,taproom,3155 Harborview Dr,Gig Harbor,98335,Pierce,47.32976288,-122.5813254,2015,0,0,https://untappd.com/GigHarborBrewing,36.6,36.6,38.0,39.4,25.67,36.7,54.63,72.57,90.5,28.0,31.0,34.0,523.67
Golden Handle Brewing Company,micro,111 S Cedar St,Spokane,99201,Spokane,47.65622004,-117.4323539,2019,0,1,https://untappd.com/GoldenHandleProject,0.75,1.17,,,,,1.0,17.0,4.5,6.17,6.92,7.33,
Good Brewing Company,brewpub,5817 238th St SE #3,Woodinville,98072,King,47.78256587,-122.1547295,2017,0,0,https://untappd.com/GBC2017,,,,,,,,,,,5.0,,
Grains Of Wrath Brewing,micro,425 NW Birch Street,Camas,98607,Clark,45.5856554,-122.4056,2018,1,0,https://untappd.com/GrainsOfWrath,,,861.56,,,,,,,368.55,,901.57,
Griffin Brewing Pilot House,micro,1214 Griffin Ave,Enumclaw,98022,King,47.2061282,-121.9899971,2022,0,0,https://untappd.com/v/griffin-brewing-pilot-house/11184124,0.0,0.0,10.64,7.88,8.66,7.3,7.61,7.85,6.04,6.06,5.09,5.09,72.22
Gruff Brewing Company,micro,104 E Maple St #101,Bellingham,98225,Whatcom,48.74755229,-122.4821137,2015,0,0,https://untappd.com/GruffBrewingCompany,122.5,122.5,112.83,103.17,93.5,36.5,35.1,38.5,20.0,32.0,45.0,27.0,788.6
Hale's Ales,micro,4301 Leary Wy NW,Seattle,98107,King,47.659292,-122.3657039,1983,0,1,https://untappd.com/HalesAlesBrewery,99.77,109.15,109.82,54.49,12.34,3.48,,,,,,,
Half Lion Brewing Company,micro,1723 W Valley Hwy E Suite 101,Sumner,98390,Pierce,47.241157,-122.255376,2016,1,1,https://untappd.com/HalfLion,49.35,65.09,106.16,79.55,149.25,218.95,120.13,141.27,124.75,86.73,140.24,193.75,1475.22
Haywire Brewing Company,micro,12125 Treosti Rd,Snohomish,98290,Snohomish,47.91234558,-122.0900696,2017,0,0,https://untappd.com/HaywireBrewing,44.41,16.52,20.27,27.0,44.88,62.76,80.64,81.72,82.8,83.88,35.71,35.71,616.3
Headless Mumby Brewing Company,micro,232 Division Street Northwest,Olympia,98502,Thurston,47.04650843,-122.9257366,2021,1,0,https://untappd.com/HeadlessMumbyBrewingCo,32.61,37.7,46.25,36.21,40.28,41.39,37.58,62.8,49.61,29.69,28.79,27.89,470.8
Headworks Brewing,micro,1110 Marshall Ave,Enumclaw,98022,King,47.2045135,-121.9878259,2021,0,0,https://untappd.com/HeadworksBrewing,31.61,49.47,48.31,22.28,42.74,28.5,46.19,43.73,38.5,31.78,21.95,41.77,446.83
Heathen Brewing,micro,1109 Washington Street,Vancouver,98660,Clark,45.6300071,-122.6723551,2012,1,0,https://untappd.com/HeathenBrewing,60.16,73.03,101.79,128.08,-1.19,91.41,121.75,-11.35,208.36,146.68,-4.92,47.37,961.1700000000001
Hellbent Brewing Company,micro,13035 Lake City Way Ne,Seattle,98125,King,47.72321374,-122.2931793,2015,1,0,https://untappd.com/HellbentBrewingCompany,221.72,279.75,300.26,305.08,262.63,359.03,276.78,378.17,325.08,262.31,269.32,247.41,3487.54
Hemlock State Brewing Company,contract brewer,23601 56th Ave W Suite 400,Mountlake Terrace,98043,Snohomish,47.784669,-122.30831,2016,1,0,https://untappd.com/Hemlock_State,20.9,18.53,20.9,20.87,21.58,18.88,32.44,18.79,20.27,25.16,18.28,18.53,255.13
Here Today Brewery and Kitchen,micro,2815 Elliott Ave Suite 101,Seattle,98121,King,47.61486702,-122.3537311,2020,1,0,https://untappd.com/HereTodaySeattle_,,,,,,,,,,9.5,19.0,9.6,
Hideaway Brewing Company,micro,18731 SE 314th St,Aurbun,98092,Kig,47.3208496,-122.176449,2014,0,1,https://untappd.com/HideawayBrewingCompany,2.67,2.16,1.34,2.25,2.67,4.0,4.5,4.58,2.83,4.32,2.66,3.03,37.01
High Bluff Brewing,nano,Port Angeles,Port Angeles,98362,Clallam,48.1190175,-123.4308425,2022,0,0,https://untappd.com/HighBluffBrewing,0.0,0.0,0.0,0.0,0.0,0.0,0.16,0.32,0.5,0.66,0.32,0.32,2.2800000000000002
Hildegard Ferments and Botanicals,micro,1150 NW 46th St,Seattle,98107,King,47.6627151,-122.3718421,2022,1,0,https://untappd.com/HildegardFermentsBotanicals,0.0,0.0,0.0,0.0,0.0,0.0,0.0,0.0,0.0,1.89,0.55,6.0,8.44
Hillbilly Brewing Company,nano,23118 NW Maplecrest Rd,Ridgefield,98642,Clark,45.7882599,-122.6758731,2015,0,0,https://untappd.com/HillbillyBrewingCompany,0.33,0.33,0.33,1.17,1.28,1.39,1.5,0.5,0.67,0.83,1.0,1.0,10.33
Hoh River Brewery,micro,2442 Mottman Rd Sw,Tumwater,98512,Thurston,47.0254333,-122.935464,2014,0,0,https://untappd.com/HohRiverBrewery,5.11,5.11,6.31,2.0,5.42,6.03,3.02,6.51,6.82,13.28,8.39,5.66,73.66
Holy Mountain Brewing Company,brewpub,1421 Elliott Ave W,Seattle,98119,King,47.630821,-122.3740032,2014,0,0,https://untappd.com/HolyMountainBrewing,243.1,124.11,213.74,269.62,325.49,204.24,243.69,250.54,333.15,415.76,183.5,186.32,2993.2599999999998
Hood Canal Brewery,micro,26499 Bond Rd Ne,Kingston,98346,Kitsap,47.8038314,-122.5731593,1996,0,0,https://untappd.com/w/hood-canal-brewery/8254,7.54,10.56,11.61,14.71,7.34,14.59,18.76,15.6,8.11,16.17,10.18,4.2,139.37
Hop Chaos Brewing Company,micro,10115 N Newport Hwy Suite A,Spokane,99218,Spokane,47.74870553,-117.4034444,2021,0,0,https://untappd.com/HopChaosBrewingCompany,7.0,1.0,10.0,7.5,5.0,10.0,15.0,5.0,3.0,10.0,11.5,13.0,98.0
Hoquiam Brewing Company,micro,526 8th Street,Hoquiam,98550,Grays Harbor,46.97562514,-123.8861778,2018,0,0,https://untappd.com/HoquiamBrewing,17.23,20.42,23.62,22.18,20.75,22.7,24.66,27.18,29.7,27.2,24.71,24.71,285.06
Horse Heaven Hills Brewery,micro,1118 Meade Ave,Prosser,99350,Benton,46.20447179,-119.7706356,2009,0,0,https://untappd.com/w/horse-heaven-hills-brewery/7268,5.0,10.0,15.0,5.0,15.0,10.0,5.0,10.0,5.0,5.0,5.0,5.0,95.0
Humble Abode Brewing,brewpub,1620 E Houston Ave,Spokane,99217,Spokane,47.7167163,-117.3866532,2019,1,0,https://untappd.com/HumbleAbodeBrewing,10.5,29.76,17.95,28.38,12.0,29.73,14.7,20.64,17.78,29.4,17.85,17.55,246.24
Ice Harbor Brewing Company,brewpub,10 E. Bruneau Avenue,Kennewick,99336,Benton,46.2109818,-119.1198261,1996,1,0,https://untappd.com/IceHarborBrewingCo,94.99,100.3,147.57,154.29,124.7,134.16,154.24,121.71,126.72,97.39,101.4,82.59,1440.06
Icicle Brewing Company,brewpub,935 Front St,Leavenworth,98826,Chelan,47.59620095,-120.6596561,2011,1,0,https://untappd.com/iciclebrewing,550.86,555.02,828.06,608.05,697.81,927.36,931.51,812.67,1012.73,803.42,732.53,752.14,9212.16
Iconic Brewing,micro,2470 Henderson Loop,Richland,99354,Benton,46.32272295,-119.3050306,1996,0,0,https://untappd.com/w/iconic-brewing/509207,9.2,8.65,13.35,13.0,13.11,17.61,13.73,43.98,74.23,16.25,43.78,71.31,338.2
In The Shadow Brewing,micro,19731 Old Burn Rd,Arlington,98223,Snohomish,48.175899,-122.11277,2015,1,0,https://untappd.com/IN_The_Shadow_Brewing,2.83,3.83,4.09,4.32,3.83,7.82,8.91,5.16,8.85,5.99,4.97,4.62,65.22
Inland Ale Works,brewpub,505 1St St,Cheney,99004,Spokane,47.48762901,-117.5748795,2018,0,0,https://untappd.com/InlandAleWorks,1.61,1.61,1.61,8.14,8.03,11.49,7.86,-0.17,3.9,8.55,3.22,3.22,59.07
Iron Goat Brewing,regional,1302 W 2nd Ave,Spokane,99201,Spokane,47.65452677,-117.4312846,2012,1,0,https://untappd.com/irongoatbrewing,80.17,48.55,83.11,69.7,73.03,93.39,80.54,66.43,88.85,74.16,78.7,72.72,909.35
Iron Horse Brewery,micro,1000 Prospect St Suite 4,Ellensburg,98926,Kittitas,46.999581,-120.564737,2005,1,0,https://untappd.com/ironhorsebrewery,998.4,1430.1,1344.42,1093.89,955.27,1146.92,1135.27,1237.49,1070.83,967.29,-41.19,1979.11,13317.8
Island Hoppin' Brewery,micro,33 Hope Lane,Eastsound,98245,San Juan,48.70268029,-122.9152528,2011,1,0,https://untappd.com/IslandHoppinBrewery,18.59,18.84,28.0,35.06,40.66,61.1,59.3,67.68,42.91,39.66,17.44,17.44,446.68
Jellyfish Brewing Company,micro,917 South Nebraska Street,Seattle,98108,King,47.54894045,-122.3202516,2017,1,0,https://untappd.com/Jellyfish_Brewing_Company,91.58,98.81,119.72,116.78,115.78,130.36,147.46,168.6,140.5,123.21,91.7,98.6,1443.1
Jones Creek Brewing,micro,173 Beam Rd,Chehalis,98532,Lewis,46.58829204,-123.2784835,1996,0,0,https://untappd.com/JonesCreek,5.57,2.56,5.8,6.42,4.02,4.58,7.33,7.01,7.52,8.04,5.26,3.93,68.03999999999999
Kulshan Brewing Company,micro,2238 James Street,Bellingham,98225,Whatcom,48.75961551,-122.4647934,2012,1,0,https://untappd.com/KulshanBrewingCompany,618.54,676.84,806.33,818.35,977.33,946.97,1040.63,1234.36,881.79,710.79,881.03,677.34,10270.3
La Conner Brewing Company,planning,117 S First Box 397,La Conner,98257,Skagit,48.3917559,-122.49585,2002,0,0,https://untappd.com/LaConnerBrewingCompany,5.3,32.7,22.88,63.12,21.3,22.97,27.42,34.19,28.27,12.03,45.91,2.75,318.84
Ladd and Lass Brewing,brewpub,722 NE 45th St,Seattle,98105,King,47.66139833,-122.3204876,2018,1,0,https://untappd.com/LaddandLassBrewing,7.29,15.22,15.8,15.74,17.66,15.8,9.48,23.6,25.06,22.9,18.72,19.99,207.26
Laht Neppur Brewing Company,micro,444 Preston Ave,Waitsburg,99361,Walla Walla,46.270044,-118.148769,2006,0,0,https://untappd.com/LahtNeppurBrewing,7.0,7.0,3.5,17.5,12.25,7.0,7.0,14.0,10.5,13.0,13.0,13.0,124.75
Lake Chelan Brewery,micro,50 Wapato Way,Manson,98831,Chelan,47.8852911,-120.1590444,2013,0,0,https://untappd.com/w/lake-chelan-brewing-company/37187,14.0,9.5,5.0,17.5,30.0,27.12,24.25,21.38,18.5,7.0,7.5,8.0,189.75
Lake Stevens Brewing Company,micro,2010 Grade Rd,Lake Stevens,98258,Snohomish,48.01611239,-122.0632558,2012,1,0,https://untappd.com/Lake_Stevens_Brewing_Company,23.84,23.5,35.17,46.84,25.66,38.58,51.5,30.66,22.5,33.09,43.68,18.0,393.02
Lantern Brewing,micro,938 N 95th Street,Seattle,98103,King,47.69789685,-122.346672,2011,0,0,https://untappd.com/LanternBrewing,8.83,10.37,12.38,13.9,13.03,20.91,18.36,20.41,23.9,18.41,16.49,16.95,193.94
Lazy Boy Brewing,taproom,715 100th St SE Suite A-1,Everett,98208,Snohomish,47.90816039,-122.2209379,2006,0,0,https://untappd.com/lazyboybrewing,56.33,73.61,47.36,50.39,58.32,42.58,45.82,89.16,63.33,70.81,43.27,17.83,658.81
Logan Brewing Company,micro,510 SW 151St St,Burien,98166,King,47.4678566,-122.3409856,2021,1,0,https://untappd.com/LoganBrewingCompany,68.33,68.33,42.72,44.42,45.19,55.36,50.45,55.29,44.86,38.25,36.29,36.79,586.28
Loowit Brewing Company,micro,507 Columbia Street,Vancouver,98660,Clark,45.6252334,-122.6736359,2012,1,0,https://untappd.com/LoowitBrewing,102.56,101.64,152.03,143.4,106.22,166.49,127.61,108.48,153.42,103.54,105.98,150.97,1522.3400000000001
Lopez Island Brewing Company,taproom,135 Lopez Road Suite B,Lopez Island,98261,San Juan,48.5227099,-122.9132288,2016,1,0,https://untappd.com/LopezIslandBrewingCompany,7.17,7.17,12.08,4.7,4.81,12.07,12.53,17.25,5.23,6.84,0.83,1.33,92.01
Lost Woods Brewery,micro,28002 WA-410 suite 2,Buckley,98321,Pierce,47.15975658,-122.0559237,2017,0,0,https://untappd.com/LostWoodsBrewery,20.0,20.0,20.0,24.0,29.0,34.0,24.5,15.0,25.75,36.5,47.25,58.0,354.0
Lovecraft Brewing Company,brewpub,275 5th Street Suite 101,Bremerton,98337,Kitsap,47.56640891,-122.6257846,2016,0,0,https://untappd.com/LoveCraftBrewingCompany,6.0,10.0,1.0,2.0,5.0,8.0,15.0,22.0,21.0,2.0,9.0,9.0,110.0
Lowercase Brewing,micro,6235 Airport Way S,Seattle,98108,King,47.547723,-122.3146203,2014,1,0,https://untappd.com/Lowercasebeer,153.85,144.46,135.06,125.67,110.49,95.3,80.12,52.39,20.5,44.06,67.63,67.63,1097.16
Lucky Envelope Brewing,micro,907 NW 50th Street,Seattle,98107,King,47.66495806,-122.3688462,2015,1,0,https://untappd.com/LuckyEnvelopeBrewing,67.11,52.6,105.46,74.98,128.61,91.49,94.48,116.78,76.76,72.06,36.79,53.76,970.88
Lumber House Brewery,micro,21830 284th Ave SE,Maple Valley,98038,King,47.32607774,-122.0103551,2015,0,0,https://untappd.com/LumberHouseBrewery,15.5,21.25,26.33,20.51,16.66,14.5,19.57,14.32,19.33,14.0,29.28,8.5,219.75
Lumberbeard Brewing,regional,25 E 3rd Ave,Spokane,99202,Spokane,47.653684,-117.41007,2020,1,0,https://untappd.com/LumberbeardBrewing,67.97,77.71,104.38,98.07,117.04,126.81,130.16,101.51,87.35,93.16,91.48,66.37,1162.01
Mac and Jack's Brewing Company,micro,17825 NE 65th St,Redmond,98052,King,47.66369585,-122.102815,1993,1,0,https://untappd.com/MacJacksBrewingCompany,1951.9,1841.37,1780.41,2036.64,2171.85,2776.15,2052.96,2412.73,2378.33,2225.78,1902.2,1755.14,25285.46
Machine House Brewery,taproom,5718 Rainier Ave S,Seattle,98118,King,47.5507121,-122.277164,2013,1,0,https://untappd.com/MachineHouseBrewery,21.4,29.31,49.13,62.74,19.61,23.38,37.33,42.69,19.65,49.69,39.79,21.1,415.82
Maelstrom Brewing Company,brewpub,11014 120th Ave Ne,Kirkland,98033,King,47.69913819,-122.1809653,2017,0,0,https://untappd.com/MaelstromBrewing,3.71,4.41,5.21,4.61,4.6,6.13,6.23,4.76,4.78,3.54,3.22,2.96,54.160000000000004
Magnuson Cafe and Brewery,micro,7801 62nd Ave Ne,Seattle,98115,King,47.6881653,-122.2649134,2018,1,0,https://untappd.com/MagnusonCafeBrewery,22.0,16.4,26.5,27.85,32.0,39.0,67.9,96.81,34.0,35.04,36.09,7.4,440.99
Maritime Pacific Brewing Company,brewpub,1111 NW Ballard Way,Seattle,98107,King,47.66284715,-122.371031,1990,1,0,https://untappd.com/MaritimePacificBrewingCompany,76.87,86.28,126.65,117.02,122.58,146.16,146.35,152.79,160.75,399.9,183.03,131.69,1850.07
Masters Brewhouse,micro,831 S Main St,Deer Park,99006,Spokane,47.945254,-117.4751514,2020,0,0,https://untappd.com/w/masters-brewhouse/420247,36.85,36.85,20.25,21.0,21.09,17.7,35.82,15.0,18.3,26.15,34.0,22.9,305.91
Matchless Brewing,brewpub,8036 River Dr SE #208,Tumwater,98501,Thurston,46.9708364,-122.88502,2016,1,0,https://untappd.com/MatchlessBrewing,177.36,197.76,248.54,241.68,245.42,271.58,256.93,342.29,352.67,191.73,239.84,260.11,3025.91
McMenamins Anderson School Brewery,brewpub,18607 Bothell Way NE,Bothell,98011,King,47.76388,-122.2080688,1983,1,0,https://untappd.com/McMenamins,141.64,80.46,98.34,278.65,137.19,99.78,83.29,146.47,120.75,104.38,104.73,101.79,1497.47
McMenamins Elks Temple,brewpub,565 Broadway,Tacoma,98402,Pierce,47.25926,-122.4420142,1983,1,0,https://untappd.com/McMenamins,110.25,74.5,72.75,197.75,96.5,126.5,99.0,105.0,96.25,71.0,80.5,73.5,1203.5
McMenamins Kalama Harbor Lodge,brewpub,215 N Hendrickson Dr,Kalama,98625,Cowlitz,46.01724,-122.8511351,1983,1,0,https://untappd.com/McMenamins,36.25,22.75,27.0,99.75,41.22,68.5,46.75,60.94,59.5,37.25,31.0,34.75,565.66
Mcmillin Farm brewhouse,micro,12517 WA-162,Puyallup,98374,KIma,47.14536,-122.2355246,2021,0,0,https://untappd.com/w/mcmillin-farm-brew/535926,,,,,,,,,,,1.94,0.9,
Meatheads Smokehouse and Beer Works,taproom,8928 Vernon Rd,Lake Stevens,98258,Snohomish,48.00222135,-122.1098734,2021,0,1,https://untappd.com/Meatheads21,193.0,,,,130.0,,,,,,229.0,,
Menace Brewing,taproom,2529 Meridian Street,Bellingham,98225,Whatcom,48.76355086,-122.4862211,2013,0,0,https://untappd.com/MenaceBrewing,38.24,34.77,31.3,21.03,17.89,31.5,45.1,58.71,72.32,20.96,28.85,36.74,437.41
Middleton Brewing,brewpub,607 Southeast Everett Mall Way,Everett,98208,Snohomish,47.91059997,-122.2248042,2013,0,0,https://untappd.com/MiddletonBrewingWA,12.0,8.0,14.0,16.67,19.33,22.0,22.0,27.0,32.0,37.0,42.0,42.0,294.0
Milepost 111 Brewing Company,micro,407 Aplets Way,Cashmere,98815,Chelan,47.524234,-120.470178,2013,0,0,https://untappd.com/milepostbeer,1.5,2.33,3.16,4.05,4.94,5.83,2.93,2.63,2.33,2.22,2.11,2.0,36.03
Millwood Brewing Company,micro,9013 E Frederick Ave,Millwood,99212,Spokane,47.68543023,-117.2834938,2017,0,1,https://untappd.com/Millwood_Brewing_Company,15.04,16.72,19.66,18.91,18.21,15.93,14.38,16.24,10.8,10.19,14.53,19.95,190.56
Mirage Beer Company,taproom,927 S Homer St,Seattle,98108,King,47.550523,-122.3191768,2017,0,0,https://untappd.com/MirageBeerCo,1.59,18.17,17.76,21.61,15.19,10.27,6.57,22.42,7.43,17.2,19.81,11.16,169.18
Monka Brewing Company,taproom,17211 15th Ave Ne,Shoreline,98155,King,47.75412478,-122.3135273,2018,0,0,https://untappd.com/MonkaBrewey,6.0,6.0,6.0,9.0,9.0,9.0,3.0,15.0,3.0,9.0,9.0,9.0,93.0
Moonshot Brewing,brewpub,8804 W Victoria Ave Ste 140,Kennewick,99336,Benton,46.228777,-119.240958,2019,1,0,https://untappd.com/Moonshot_Brewing,13.91,18.74,22.3,18.55,21.81,22.16,24.06,20.64,21.75,19.86,16.21,15.11,235.1
Mother Fern Brewing,brewpub,610 Pacific Ave,Tacoma,98402,Pierce,47.25791576,-122.440158,2021,0,1,https://untappd.com/MotherFernBrewing,61.0,47.75,107.0,148.0,222.5,297.0,91.5,216.0,193.17,170.33,147.5,125.0,1826.75
Mount Olympus Brewing,taproom,105 W Heron St,Aberdeen,98520,Grays Harbor,46.97327712,-123.8171792,2018,0,0,https://untappd.com/MountOlympusBrewing,85.67,85.67,89.1,92.54,95.97,76.49,57.01,71.61,86.22,62.67,39.12,67.9,909.97
Mountain Lakes Brewing Company,taproom,105 W Heron St,Spokane,99201,Spokane,47.657891,-117.413453,2018,1,0,https://untappd.com/MountainLakesBrewCo,5.84,8.17,9.01,14.6,19.4,24.19,9.17,10.36,4.84,13.69,9.01,9.01,137.29
Mule and Elk Brewing Company,micro,418 E 1st St Suite 5,Cle Elum,98922,Kittitas,47.19383354,-120.9322128,2016,0,0,https://untappd.com/MuleElkBrewingCo,9.59,12.42,16.03,13.91,11.79,10.36,8.44,11.97,21.04,5.19,14.57,15.9,151.21
Métier Brewing Company,brewpub,14125 NE 189th St Suite B,Woodinville,98072,King,47.76422298,-122.1515601,2016,1,0,https://untappd.com/MetierBrewing,27.66,56.63,59.08,56.52,51.11,108.12,44.9,139.06,87.6,59.99,40.77,28.37,759.8100000000001
Narrows Brewing Company,brewpub,9007 S 19th Street,Tacoma,98466,Pierce,47.24346569,-122.5564963,2013,1,0,https://untappd.com/NarrowsBrewing,137.17,118.41,211.22,201.78,255.36,211.05,194.71,305.47,163.76,170.56,207.36,110.21,2287.06
Natural 20 Brewing Company,micro,15310 E Marietta Ave Ste 4,Spokane Valley,99216,Spokane,47.680793,-117.198498,2014,0,0,https://untappd.com/Natural20BrewingCo,50.0,50.0,50.0,52.0,60.5,69.0,77.5,86.0,83.25,80.5,77.75,75.0,811.5
New Maitland Brewing Llc,nano,8903 E Greenbluff Rd,Colbert,99005,Spokane,47.825198,-117.285727,2022,0,0,https://untappd.com/b/new-maitland-brewing-scottish-stoat/5426770,0.0,0.0,0.0,0.0,0.0,0.0,1.99,2.32,1.44,0.57,0.08,0.16,6.56
No Boat Brewing Company,taproom,35214 SE Center Street #2,Snoqualmie,98065,King,47.5285744,-121.8707445,2016,1,0,https://untappd.com/NoBoatBrewingCompany,19.5,47.5,32.0,42.0,42.0,69.75,49.0,56.5,62.0,47.0,46.0,45.25,558.5
No Drought Brewing Company,regional,10604 E 16th Ave,Spokane Valley,99206,Spokane,47.64233504,-117.2626058,2022,0,0,https://untappd.com/NoDroughtBrewingCo,13.47,6.98,7.39,7.72,11.61,15.49,19.38,21.1,22.82,19.64,16.45,13.27,175.32
No-Li Brewhouse,taproom,1003 E Trent Box 2 Suite 180,Spokane,99202,Spokane,47.662698,-117.39419,2003,1,0,https://untappd.com/NoLiBrewhouse,742.06,954.51,1113.38,1408.57,1056.81,1246.7,1396.96,1295.5,1409.41,1226.51,1029.92,1344.53,14224.86
North 47 Brewing Company,brewpub,1000 Town Ctr NE #160,Tacoma,98422,Pierce,47.30098342,-122.4354485,2015,0,0,https://untappd.com/North47BrewingCo,18.0,18.0,26.0,8.5,16.0,18.0,21.0,20.0,24.0,15.0,19.5,9.0,213.0
North Fork Brewery,taproom,6186 Mount Baker Hwy,Deming,98244,Whatcom,48.89023277,-122.1515053,1997,1,0,https://untappd.com/TheNorthForkBrewery,27.29,22.84,34.48,29.32,33.06,28.55,45.32,48.45,37.74,28.87,26.0,27.61,389.53000000000003
North Jetty Brewing,taproom,4200 Pacific Way,Seaview,98017,King,46.33317158,-124.0546726,2014,1,0,https://untappd.com/NorthJettyBrewing,21.34,48.42,62.93,45.15,61.44,56.48,64.74,82.77,65.1,60.03,21.96,48.65,639.01
North Sound Brewing Company,brewpub,17406 Washington 536,Mount Vernon,98273,Skagit,48.431553,-122.3702,2010,1,0,https://untappd.com/NorthSoundBrewingCompany,20.35,25.52,28.86,25.51,28.53,31.55,30.54,32.7,28.34,28.36,24.02,23.69,327.97
Northern Ales,brewpub,325 W 3rd Ave,Kettle Falls,99141,Stevens,48.61016972,-118.059909,2014,0,1,https://untappd.com/NorthernAles,3.27,3.27,13.0,14.35,14.57,14.8,15.02,11.5,20.43,29.37,38.3,11.5,189.38
Northwest Brewing Company,micro,610 Pacific Ave,Tacoma,98402,King,47.25788663,-122.4401044,2007,0,0,https://untappd.com/NorthwestBrewingCompany,161.9,73.0,189.6,124.45,59.3,53.15,47.0,88.4,42.86,-2.67,73.3,73.3,983.59
Northwest Peaks Brewery,brewpub,5718 Rainier Ave S,Seattle,98118,King,47.55099284,-122.2774345,2011,0,1,https://untappd.com/nwpeaksbrewery,10.0,12.0,12.0,16.0,,20.0,,,,,,,
Northwood Public House and Brewery,micro,1401 SE Rasmussen Blvd #101,Battleground,98604,Clark,45.775079,-122.523019,2014,0,0,https://untappd.com/LittleDipperBrewingCompany,1.83,1.83,4.54,7.25,6.58,5.91,6.61,7.3,8.0,3.83,2.92,2.0,58.6
Nun Chuck's Brewing Company,taproom,18609 76th Ave W C,Lynnwood,98037,Snohomish,47.82961976,-122.3372621,2006,0,0,https://untappd.com/w/nun-chucks-brewing-company/475764,2.03,3.85,2.5,3.86,4.67,4.27,5.47,7.25,4.22,6.72,9.13,11.54,65.50999999999999
Obec Brewing,micro,1144 NW 52nd Street,Seattle,98107,King,47.6666932,-122.3725339,2017,1,0,https://untappd.com/ObecBrewing,24.6,22.65,21.13,41.36,79.0,116.65,50.34,56.23,51.27,36.38,51.04,41.31,591.96
Odd Otter Brewing Company,micro,716 Pacific Ave,Tacoma,98402,Pierce,47.25677,-122.439519,2014,0,0,https://untappd.com/OddOtter,43.59,43.59,53.2,62.81,72.42,76.95,81.47,86.0,77.58,69.17,60.75,60.75,788.28
Odin Brewing Company,taproom,402 Baker Blvd,Tukwila,98188,King,47.45871185,-122.2520593,2009,0,1,https://untappd.com/OdinBrewing,63.58,32.64,-0.13,150.87,52.0,69.0,46.0,71.0,85.6,41.0,39.0,39.0,689.56
Off Camber Brewing,taproom,6506 114th Ave Ct E,Puyallup,98372,Pierce,47.19825258,-122.2773277,2017,0,0,https://untappd.com/JamesTheBrewer,,,26.44,,,33.79,,,,,,59.08,
Ogres Brewing,brewpub,7693 Cultus Bay Rd,Clinton,98236,Island,47.93163176,-122.389573,2019,1,0,https://untappd.com/w/ogres-brewing/261870,2.7,3.93,4.5,3.5,3.5,4.67,5.5,5.5,5.0,4.0,3.0,3.5,49.3
Old Schoolhouse Brewery,brewpub,155 Riverside Dr Box 112,Winthrop,98862,Okanogan,48.4782175,-120.18652,1993,1,0,https://untappd.com/OldSchoolhouseBrewery,271.17,271.17,185.9,181.3,165.85,150.4,155.1,407.36,297.38,187.4,211.5,235.6,2720.13
Old Stove Brewing Company,taproom,1901 Western Avenue Suite A,Seattle,98101,King,47.61002,-122.343413,2016,1,0,https://untappd.com/w/old-stove-brewing-co/246787,173.49,120.47,109.55,231.49,241.14,310.67,204.31,256.68,159.51,148.66,125.22,111.82,2193.01
Optimism Brewing Company,brewpub,1158 Broadway,Seattle,98122,King,47.61280703,-122.3205273,2015,0,1,https://untappd.com/OptimismBrewing,61.7,115.79,143.2,115.1,111.5,142.86,116.1,120.0,135.35,186.16,236.98,89.7,1574.44
Otherlands Beer,taproom,2121 Humboldt St,Bellingham,98225,Whatcom,48.75847585,-122.4681985,2021,0,0,https://untappd.com/OtherlandsBeer,42.13,42.13,37.62,33.12,54.86,76.59,98.33,78.4,58.48,72.4,86.31,86.31,766.6800000000001
Outer Planet Craft Brewing,brewpub,1812 12th Avenue Suite 100,Seattle,98122,King,47.61783778,-122.3167738,2015,1,0,https://untappd.com/OuterPlanetBrewing,4.31,7.36,10.42,4.39,5.4,6.58,6.64,5.59,5.53,6.43,4.98,4.84,72.47
Outlander Brewery and Pub,brewpub,225 N 36th St,Seattle,98103,King,47.652371,-122.355414,2012,0,0,https://untappd.com/OutlanderBrewing,14.0,7.32,8.66,10.0,14.5,19.0,21.15,6.88,4.0,3.5,9.0,14.5,132.51
Paper Street Brewing Company,taproom,241 Fanning Rd,Pasco,99301,Franklin,46.309907,-119.214113,2016,0,0,https://untappd.com/PaperStreetBrewingCo,15.0,15.0,13.43,11.87,10.3,14.87,19.43,24.0,24.67,25.33,26.0,29.0,228.9
Paradise Creek Brewery,taproom,245 SE Paradise St,Pullman,99163,Whitman,46.72873725,-117.1803011,2010,1,0,https://untappd.com/paradisecreek,47.38,49.02,43.02,128.27,69.75,70.97,88.99,75.59,52.06,46.37,46.33,35.69,753.44
Paramour Brewing Company,brewpub,6520 S Waneta Rd,Spokane,99223,Spokane,47.59421849,-117.3564973,2021,0,0,https://untappd.com/w/paramour-brewing/457368,3.0,3.0,3.0,3.0,3.0,4.0,6.0,6.0,6.0,10.0,9.5,9.0,65.5
Pastime Brewery,taproom,1307 Main St,Oroville,98844,Okanogan,48.93758103,-119.4363202,2020,0,0,https://untappd.com/w/past-time-brewing/107617,3.85,5.04,5.74,8.58,9.14,8.23,9.14,8.0,6.4,8.37,5.27,8.82,86.58
Peace of Mind Brewing,micro,18411 Hwy 99,Lynnwood,98037,Snohomish,47.83174875,-122.3058165,2022,1,0,https://untappd.com/Peace_Of_Mind_Brewing,0.0,0.0,0.0,0.5,0.0,0.0,5.0,11.5,18.0,24.5,31.0,31.0,121.5
Peddler Brewing Company,brewpub,1514 NW Leary Way,Seattle,98107,King,47.66387586,-122.3771003,2013,0,0,https://untappd.com/PeddlerBrewing,15.52,7.5,-7.9,,,,,,,,,,
Penn Cove Brewing Company,micro,103 S Main St,Coupeville,98239,Island,48.2109786,-122.685896,2015,0,1,https://untappd.com/PennCoveBrewingCo,26.16,29.34,51.36,33.02,46.67,57.59,142.57,112.0,99.79,46.66,39.63,21.59,706.38
Perfect Circle Brewing,brewpub,713 6th Street,Prosser,99350,Benton,46.20462657,-119.7691094,2021,0,0,https://untappd.com/PerfectCircleBrewing,5.83,5.83,3.66,1.5,2.5,3.5,4.5,8.5,3.0,4.75,6.5,6.5,56.57
Perihelion Brewery,brewpub,2800 16th Ave S,Seattle,98144,King,47.578506,-122.311929,2016,1,0,https://untappd.com/Perihelion-Brewery,19.71,33.93,12.64,5.9,60.63,31.79,19.74,26.58,38.27,27.89,34.63,20.61,332.32
Perry Street Brewing,micro,1025 S Perry St,Spokane,99202,Spokane,47.64604873,-117.3898042,2014,1,0,https://untappd.com/w/perry-street-brewing/115199,53.0,42.5,42.5,29.0,37.25,64.0,35.5,46.0,42.0,45.5,29.5,57.0,523.75
Pike Brewing Company,micro,1415 1st Ave,Seattle,98101,King,47.608001,-122.3394073,1989,1,0,https://untappd.com/pikebrewing,264.72,222.27,300.07,307.71,301.03,527.75,349.19,375.46,468.11,508.14,420.38,367.06,4411.89
Pint Size Brewing,nano,7410B Greenwood Ave N,Seattle,98103,King,47.6829051,-122.3549746,2019,0,1,https://untappd.com/PintSizeBrewing,2.34,3.06,3.52,2.33,3.63,2.3,0.63,2.51,2.67,2.67,2.67,2.67,31.0
Port Townsend Brewing Company,micro,330 10th St Suite C,Port Townsend,98368,Jefferson,48.1074022,-122.7809758,2001,0,0,https://untappd.com/porttownsendbrewing,45.0,60.0,90.0,120.0,150.0,262.5,375.0,262.5,150.0,120.0,90.0,90.0,1815.0
Postdoc Brewing,taproom,17625 NE 65th St #100,Redmond,98052,King,47.66392308,-122.1050753,2014,1,0,https://untappd.com/PostdocBrewingCompany,83.6,89.69,126.04,114.98,98.6,153.98,151.09,156.95,104.12,119.67,81.22,104.77,1384.71
Potlatch Brewing Company,brewpub,24180 US-101,Hoodsport,98548,Mason,47.40491678,-123.141186,2021,0,0,https://untappd.com/w/potlatch-brewing/500440,3.66,8.44,7.27,6.1,27.42,27.37,27.32,13.5,15.93,9.36,10.22,10.22,166.81
Powerhouse Restaurant and Brewery,nano,454 E Main,Puyallup,98372,Pierce,47.19158631,-122.2879828,2005,1,0,https://untappd.com/PowerhouseRestaurantBrewery,13.0,26.0,13.0,45.5,78.0,13.0,26.0,19.5,26.0,6.5,13.0,19.5,299.0
Precious Things Fermentation Project,taproom,8403 N Bruce Rd,Spokane,99217,Spokane,47.73390559,-117.2865852,2018,1,0,https://untappd.com/Preciousthingsbeer,2.5,1.5,0.5,2.0,2.0,2.62,3.25,2.0,1.0,1.5,1.33,0.5,20.7
Propolis Brewing,taproom,2457 Jefferson St,Port Townsend,98368,Jefferson,48.1086174,-122.773463,2013,0,0,https://untappd.com/PropolisBrewing,3.48,20.16,-1.34,28.72,11.98,23.64,13.54,26.4,12.07,17.36,9.86,16.11,181.98
Quartzite Brewing Company,taproom,105 W Main St,Chewelah,99109,Stevens,48.27595137,-117.7169469,2016,1,0,https://untappd.com/QuartziteBrewingCompany,2.34,3.5,4.67,5.83,7.83,8.33,9.25,9.17,9.0,8.08,6.92,6.75,81.67
Quirk Brewing,taproom,425 B St,Walla Walla,99362,Walla Walla,46.0901597,-118.27695,2016,0,0,https://untappd.com/QuirkBrewing,20.42,32.78,23.76,42.64,37.57,31.83,24.0,26.83,36.71,22.33,29.0,23.75,351.62
RAM Restaurant and Brewery,brewpub,10019 59th Ave Sw,Lakewood,98499,Pierce,47.16646601,-122.5154303,1971,1,0,https://untappd.com/theRAM,274.4,200.1,284.05,311.7,245.95,249.05,257.0,169.65,207.9,317.25,254.45,221.6,2993.1
Rail Hop'n Brewing Company,brewpub,122 West Main Street Suite 101 B,Auburn,98001,King,47.3071471,-122.2315213,2017,0,0,https://untappd.com/RailHopnBrewingCompany,9.0,9.0,9.0,11.25,13.5,9.0,11.25,13.5,12.0,10.5,9.0,9.0,126.0
Railside Brewing,micro,309 NE 76th St,Vancouver,98665,Clark,45.6768255,-122.66818,2012,0,0,https://untappd.com/RailSideBrewing,21.0,21.0,20.0,19.0,14.0,19.0,24.0,19.8,15.6,16.58,17.55,17.55,225.07999999999998
Rainy Daze Brewing,brewpub,650 NW Bovela Ln #3,Poulsbo,98370,Kitsap,47.73971613,-122.6578393,2012,0,0,https://untappd.com/RainyDazeBrewing,44.5,81.33,104.83,96.25,99.25,115.17,97.17,112.5,93.33,94.0,77.0,80.0,1095.33
Rattlesnake Mountain Brewing Company,taproom,2696 N Columbia Center Blvd,Richland,99352,Benton,46.237587,-119.221937,1999,0,0,https://untappd.com/w/rattlesnake-mountain-brewing-company/15572,28.07,27.19,31.99,30.87,29.58,33.88,39.34,30.72,34.43,30.09,25.17,25.23,366.56
Ravenna Brewing Company,taproom,5408 26th Ave Ne,Seattle,98105,King,47.66814202,-122.2994354,2015,0,0,https://untappd.com/RavennaBrewingCo,159.3,211.76,264.23,271.64,279.05,317.74,356.44,321.54,286.65,268.51,250.37,250.37,3237.6
Redhook Brewlab,brewpub,714 E Pike St,Seattle,98122,King,47.61413993,-122.3230889,1982,0,0,https://untappd.com/Redhook,12.67,,,,,14.67,50.33,,9.67,,,,
Remlinger Farm Brewery,brewpub,32610 NE 32nd St,Carnation,98014,King,47.63908563,-121.9021766,2021,1,0,https://untappd.com/w/remlinger-brewing/521350,,,,,6.22,7.37,,40.0,7.37,,17.0,6.17,
Republic Brewing Company,brewpub,26 N Clark Ave,Republic,99166,Ferry,48.64801538,-118.737951,2011,1,0,https://untappd.com/RepublicBrewingCompany,22.6,26.83,24.38,35.09,34.86,37.92,43.27,38.58,35.34,41.01,21.11,20.18,381.17
Resonate Brewery and Pizzeria,regional,5606 119th Ave Se,Bellevue,98006,King,47.5521229,-122.1776163,2015,1,0,https://untappd.com/ResonateBrewery,39.35,39.35,54.62,69.9,59.42,48.95,53.75,58.55,24.85,42.05,59.25,29.45,579.49
Reuben's Brews,regional,5010 14th Ave Nw,Seattle,98107,King,47.66540226,-122.3733006,2012,1,0,https://untappd.com/ReubensBrews,1705.85,1676.63,1933.15,2070.59,2077.57,2519.17,2303.87,2617.09,2433.18,1740.98,1709.33,1592.8,24380.21
Ridgefield Craft Brewing Company,micro,120 N 3rd Ave,Ridgefield,98642,Clark,45.81593797,-122.7448428,2021,0,0,https://untappd.com/RidgefieldCraftBrewingCo,19.88,34.42,26.17,22.24,58.48,94.73,29.36,48.92,30.23,39.98,49.73,13.42,467.56
Ridgeline Brewing Company,nano,941 N Callow Ave,Bremerton,98312,Kitsap,47.5709387,-122.6539669,2017,0,0,https://untappd.com/RidgelineBrewing,,,,,,,,,16.0,7.0,10.0,1.0,
River City Brewing,taproom,121 S Cedar St,Spokane,99201,Spokane,47.65601288,-117.4322061,2012,0,1,https://untappd.com/RiverCityBrewing,25.52,70.48,115.44,41.0,30.57,54.18,38.84,27.7,28.47,16.22,16.41,20.82,485.65
River Mile 38 Brewing Company,brewpub,285 Third Street,Cathlamet,98612,Wahkiakum,46.20545555,-123.3855916,2014,0,0,https://untappd.com/Rivermile,10.23,15.11,14.18,10.57,13.43,13.35,26.42,16.18,14.77,13.75,11.17,8.34,167.5
River Time Brewing,taproom,660 Emens Ave,Darrington,98241,Snohomish,48.24905292,-121.6020432,2014,1,0,https://untappd.com/River_Time_Brewing,22.67,25.76,28.85,31.94,35.03,32.12,29.21,26.3,25.59,24.88,24.17,24.17,330.69
Riverport Brewing Company,micro,150 9th St,Clarkston,99403,Asotin,46.42640142,-117.0521262,2008,0,0,https://untappd.com/RiverportBrewingCompany,21.65,27.53,28.68,26.3,26.8,31.8,33.21,38.75,36.97,27.5,24.96,23.31,347.46
Rocky Coulee Brewing,micro,205 N First St,Odessa,99159,Lincoln,47.3358965,-118.68838,2007,0,0,https://untappd.com/w/rocky-coulee-brewing-company/6856,3.98,2.74,2.35,10.64,4.25,4.0,1.23,3.06,8.92,4.96,3.39,1.25,50.77
Rooftop Brewing Company,taproom,1220 W Nickerson St,Seattle,98119,King,47.65543327,-122.3725435,2013,1,0,https://untappd.com/RooftopBrewCo,50.97,67.29,82.42,96.54,150.43,204.31,82.06,100.63,97.86,65.75,67.44,69.14,1134.8400000000001
Rose Garage Brewing and Taps,taproom,613 S Whitman Ave,Rosalia,99170,Whitman,47.23413,-117.37,2020,0,0,https://untappd.com/w/rose-garage/475853,4.0,2.0,3.0,4.0,4.0,4.0,2.0,1.0,2.5,4.0,2.0,2.0,34.5
Roslyn Brewing Company,brewpub,208 Pennsylvania Ave Box 24,Roslyn,98941,Kittitas,47.2220541,-120.9949,1990,0,0,https://untappd.com/w/roslyn-brewing-company/8120,19.56,19.56,20.11,20.66,30.67,40.69,45.85,51.01,18.83,16.67,14.52,14.73,312.86
SAAL Brewing Company,brewpub,10209 270th St Nw,Stanwood,98292,Snohomish,48.24167216,-122.3708879,2019,1,0,https://untappd.com/SAALBrewingCompany,5.96,5.96,3.41,2.14,3.41,5.34,4.26,6.9,9.54,4.85,4.85,5.28,61.9
Saddle Rock Pub and Brewery,taproom,25 N Wenatchee Ave,Wenatchee,98801,Chelan,47.42508078,-120.3116522,2011,0,0,https://untappd.com/SaddleRockPubBrewery,5.61,12.07,11.04,10.0,12.03,14.06,6.16,8.0,7.94,6.0,7.74,5.97,106.62
Sage Brewing Company,brewpub,8425 Chapel Hill Blvd Ste B 102,Pasco,99301,Franklin,46.270331,-119.200383,2019,0,0,https://untappd.com/Sage_Brewing,15.87,19.67,18.74,12.26,35.21,11.68,28.51,22.27,13.47,10.34,26.81,15.86,230.69
Salish Sea Brewing Company,brewpub,518 Dayton St,Edmonds,98020,Snohomish,47.80962938,-122.3769597,2013,0,0,https://untappd.com/SalishSeaBrewingCompany,320.11,0.66,76.44,152.21,227.99,222.52,217.06,199.74,182.42,165.51,148.59,131.68,2044.93
San Juan Island Brewing Company,micro,410 A Street,Friday Harbor,98250,San Juan,48.53276441,-123.0150223,2018,1,0,https://untappd.com/SanJuanIslandBrewingCo,97.7,97.27,84.9,205.86,140.46,179.1,275.84,218.43,216.6,139.17,88.17,87.95,1831.45
Savage Brewing Company,micro,12815 NE 124th St I,Kirkland,98034,King,47.7102668,-122.1693396,2013,1,0,https://untappd.com/BrewingSavageCompany,21.0,21.0,21.0,10.0,15.5,21.0,14.0,17.5,21.0,21.0,24.5,28.0,235.5
Scamp Brewing Company,micro,402 16th St NE #107,Auburn,98002,King,47.32172545,-122.224216,2017,1,0,https://untappd.com/ScampBrewingCompany,3.0,3.0,4.17,6.0,9.0,6.0,6.0,3.0,3.0,6.0,3.0,6.0,58.17
Schooner Exact Brewing Company,micro,3901 1st Ave S,Seattle,98134,King,47.56771692,-122.3357297,2007,0,1,https://untappd.com/SchoonerExactBrewing,-37.89,2567.5,2582.51,848.41,1477.33,1873.63,-170.53,6889.21,-70.33,1843.76,513.11,712.39,19029.1
Scuttlebutt Brewing Company,micro,3310 Cedar Street,Everett,98201,Snohomish,47.97388911,-122.1940768,1996,1,0,https://untappd.com/ScuttlebuttBrewingCompany,311.3,279.2,325.26,448.99,383.76,499.67,464.24,406.59,386.33,353.16,255.78,321.87,4436.15
Scythe Brewing Company,micro,1217 3rd Avenue Suite 150,Longview,98632,Cowlitz,46.13381,-122.92371,2021,0,0,https://untappd.com/w/scythe-brewing-co/520668,,,,,3.44,,3.9,25.89,,,29.3,,
Seapine Brewing Company,taproom,2959 Utah Ave S,Seattle,98134,King,47.57723323,-122.335249,2012,0,0,https://untappd.com/SeapineBrewing,809.56,809.56,753.87,698.19,642.5,484.75,327.0,504.8,682.59,712.99,743.39,743.39,7912.59
Shellback Brewing,micro,6400 w 13th ct,Kennewick,99338,Benton,46.19705,-119.20829,2020,0,0,https://untappd.com/w/shellback-brewing/517182,0.64,0.16,0.5,0.65,0.81,0.96,1.0,2.0,0.66,0.8,1.0,0.8,9.98
Shoug Brewing Company,brewpub,1311 SE Cliffside Dr,Washougal,98671,Clark,46.19705,-119.20829,2017,0,0,https://untappd.com/w/shoug-brewing-company/360746,6.25,7.25,9.25,10.25,10.75,9.0,5.25,11.5,26.75,12.0,10.5,15.75,134.5
Sig Brewing Company,regional,2534 Tacoma Ave S,Tacoma,98402,Pierce,47.23791051,-122.4411779,2020,0,0,https://untappd.com/SigBrewingCompany,19.98,41.57,66.54,39.48,46.55,34.96,32.15,31.53,29.24,31.34,29.21,23.04,425.59000000000003
Silver City Brewery,regional,2799 NW Myhre Rd,Silverdale,98383,Kitsap,47.659485,-122.687646,2010,1,0,https://untappd.com/SilverCityBrewery,1248.72,1516.41,101.71,2372.86,2621.8,2218.78,1417.5,2169.09,1722.27,1524.62,1617.34,1591.01,20122.11
Singing Hops Brewing Company,taproom,4817 RURAL RD SW,Olympia,98512,Thurston,46.19705,-119.20829,2017,0,0,https://untappd.com/SingingHops,3.93,10.66,7.38,4.11,6.18,4.16,9.35,10.7,1.59,6.67,1.94,0.83,67.5
Single Hill Brewing Company,micro,102 N Naches Ave,Yakima,98901,Yakima,46.60510315,-120.5004419,2018,1,0,https://untappd.com/SingleHillBrewing,93.87,154.41,155.59,147.89,139.98,203.69,163.61,174.96,221.07,151.37,122.77,134.99,1864.2
Skep Brewing Company,brewpub,723 N M St,Tacoma,98403,Pierce,47.2611966,-122.4615206,2019,0,0,https://untappd.com/SkepBrewing,0.42,0.71,1.74,0.99,1.27,0.58,1.0,1.9,1.31,1.04,1.11,1.37,13.44
Skookum Brewery,brewpub,17925 59th Avenue Northeast,Arlington,98223,Snohomish,48.16310323,-122.1510524,2007,0,0,https://untappd.com/SkookumBrewery,118.41,97.58,113.01,91.34,157.83,99.47,106.25,123.97,96.47,65.59,91.6,110.31,1271.83
Slaughter County Brewing Company,nano,1307 Bay St,Port Orchard,98366,Kitsap,47.54320643,-122.6269913,2012,0,1,https://untappd.com/SlaughterCountyBrewingCompany,41.0,,32.0,,,43.0,,,,,,,
Slippery Pig Brewing,micro,18801 Front Street Ne,Poulsbo,98370,Kitsap,47.73353044,-122.6457393,2011,0,0,https://untappd.com/Slippery_Pig_Brewery,15.0,22.5,27.0,19.5,18.0,24.0,18.0,22.5,15.0,15.0,21.0,18.0,235.5
Snapshot Brewing,brewpub,8005 Greenwood Ave N,Seattle,98103,King,47.68708447,-122.355422,2020,0,0,https://untappd.com/SnapshotBrewing,3.55,7.65,7.62,7.58,3.06,2.61,2.16,5.42,8.67,6.84,5.0,4.7,64.86
SnoTown Brewery,brewpub,511 2nd St,Snohomish,98290,Snohomish,47.912584,-122.088239,2014,0,0,https://untappd.com/SnoTownBrewery,5.99,7.33,10.64,14.15,14.16,4.8,12.83,6.33,6.16,4.99,5.16,8.42,100.96000000000001
Snoqualmie Falls Brewing Company,taproom,8032 Falls Ave Se,Snoqualmie,98065,King,47.5286214,-121.8240977,1997,1,0,https://untappd.com/snoqualmiebrew,250.76,250.76,119.98,143.49,167.0,102.4,95.99,103.69,94.28,81.26,68.25,125.32,1603.18
Snow Eater Brewing Company,micro,2325 N Mckinzie Lane,Liberty Lake,99019,Spokane,47.6773601,-117.1000429,2020,1,0,https://untappd.com/SnowEaterBrewingCo,,,,,67.58,,,,,151.35,,,
Sound To Summit Brewing,brewpub,1830 Bickford Ave,Snohomish,98291,Snohomish,47.9344682,-122.1049977,2015,1,0,https://untappd.com/SoundToSummitBrewing,26.16,35.83,40.99,30.95,40.41,38.33,33.75,46.32,49.84,61.5,31.92,20.83,456.83
Spada Farmhouse Brewery,micro,709 1St St,Snohomish,98291,Snohomish,47.910685,-122.0924265,2017,0,0,https://untappd.com/SpadaFarmhouseBrewery,27.0,18.0,36.0,34.5,33.0,24.0,-12.0,15.0,18.0,9.0,15.0,24.0,241.5
Spokanite Brewing,nano,6607 N Ash St,Spokane,99208,Spokane,47.7182742,-117.4365533,2022,0,0,https://untappd.com/SpokaniteBrewing,0.0,0.0,0.0,0.0,0.0,5.0,7.96,10.93,4.93,4.25,4.25,4.5,41.82
Square Wheel Brewing Company,micro,4705 N Fruit Hill Rd,Spokane,99217,Spokane,47.69830588,-117.2495435,2017,0,0,https://untappd.com/w/square-wheel-brewing-co/218439,3.42,1.5,4.25,12.25,7.25,13.75,8.5,11.63,10.75,0.25,0.25,0.25,74.05
Squirrel Fight Artisan Brewing,brewpub,530 W Valley Rd Suite N,Moses Lake,98837,Grant,47.13851877,-119.2859409,2020,0,1,https://untappd.com/SquirrelFightArtisanBrewing,4.75,,15.75,7.25,6.25,,,,,,,,
Standard Brewing,micro,2504 S Jackson St,Seattle,98144,King,47.59934851,-122.2996633,2013,0,0,https://untappd.com/v/standard-brewing/627145,44.56,43.14,59.79,45.98,53.88,41.0,63.8,86.6,39.45,29.81,40.41,35.56,583.98
Steam Donkey Brewing Company,brewpub,101 E Wishkah St,Aberdeen,98520,Grays Harbor,46.974244,-123.81773,2018,1,0,https://untappd.com/SteamDonkeyBrewingCompany,25.75,25.75,15.25,17.66,27.26,36.87,21.82,34.52,47.23,18.0,26.78,35.57,332.46
Stemma Brewing Company,taproom,2039 Moore St,Bellingham,98225,Whatcom,48.7575961,-122.4610244,2019,1,0,https://untappd.com/StemmaBrewingCo,-13.44,230.3,130.16,114.27,179.86,140.32,123.83,163.67,172.39,163.11,194.6,99.72,1698.79
Stones Throw Brewery,brewpub,1009 Larrabee Ave,Bellingham,98225,Whatcom,48.71859508,-122.5042858,2015,0,0,https://untappd.com/w/stones-throw-brewery/251779,25.36,49.38,73.4,83.13,92.86,48.6,49.54,43.51,43.0,56.98,70.95,28.0,664.71
Stormy Mountain Brewing,micro,133 E Woodin Ave,Chelan,98816,Chelan,47.84002015,-120.0184827,2016,0,0,https://untappd.com/StormyMountainBrewing,10.5,10.5,8.0,7.5,9.0,5.5,12.5,4.0,9.0,7.5,4.5,6.0,94.5
Stoup Brewing,taproom,1108 NW 52nd St,Seattle,98107,King,47.666659,-122.3712168,2013,1,0,https://untappd.com/StoupBrewing,301.94,420.3,480.97,448.93,466.55,566.31,481.77,523.95,542.94,480.2,371.95,391.1,5476.91
Structures Brewing,micro,1420 N State St,Bellingham,98225,Whatcom,48.74961882,-122.4751162,2015,0,0,https://untappd.com/w/structures-brewing/238401,95.5,80.5,129.0,91.5,99.0,117.0,98.0,85.5,108.0,104.0,89.0,96.0,1193.0
Sumerian Brewing Company,taproom,15510 Woodinville Redmond Rd NE,Woodinville,98072,King,47.74,-122.153,2015,0,1,https://untappd.com/SumerianBrewery,51.2,33.03,100.53,81.96,63.39,106.21,58.15,52.29,51.04,49.8,43.63,92.23,783.46
Swinnerton Brewery,micro,1809 8th St,Marysville,98270,Snohomish,48.0556186,-122.1707737,2016,0,0,https://untappd.com/w/swinnerton-brewery/208721,,,,,,,1.0,,,,,,
TT's Old Iron Brewery,brewpub,154 S Madison,Spokane,99201,Spokane,47.6185516,-117.25099,2017,0,0,https://untappd.com/TTsOldIronBrewery,7.4,9.2,19.4,20.21,39.0,57.8,13.0,25.0,23.2,19.2,20.0,25.48,278.89
Taneum Creek Brewing,brewpub,811 Wa-970 #7,Cle Elum,98922,Kittitas,47.19379318,-120.9298215,2021,1,0,https://untappd.com/TaneumCreekBrewing,10.1,2.93,7.34,5.55,7.21,4.82,2.5,,,,,,
Temperate Habits Brewing Company,brewpub,500 S 1St St,Mt Vernon,98273,Skagit,48.419287,-122.337759,2021,0,0,https://untappd.com/w/temperate-habits-brewing-company/477378,6.0,15.0,18.0,22.0,12.0,12.0,15.0,12.0,12.0,12.0,18.0,18.0,172.0
Ten Pin Brewing Company,brewpub,1165 N Stratford Rd,Moses Lake,98837,Grant,47.14506241,-119.2781729,2013,1,0,https://untappd.com/TenPinBrewingCompany,97.56,66.05,88.05,139.53,129.23,124.18,189.65,132.24,111.24,58.37,106.16,40.71,1282.97
Terramar Brewing and Distilling,brewpub,5712 Gilkey Ave,Edison,98232,Skagit,48.5636192,-122.4438085,2021,1,0,https://untappd.com/TerramarBrewstillery,18.29,13.31,34.78,37.73,30.27,31.14,46.04,38.11,40.57,45.14,19.24,22.48,377.1
The Good Society Brewery,brewpub,2701 California Ave Sw,Seattle,98116,King,47.579189,-122.386747,2020,1,0,https://untappd.com/goodsocietybeer,19.29,27.88,29.0,28.32,30.96,27.7,27.06,34.83,36.3,32.95,19.51,22.05,335.85
The Grain Shed,brewpub,1026 E Newark Ave,Spokane,99202,Spokane,47.64914975,-117.3941562,2021,0,0,https://untappd.com/TheGrainShed,8.91,16.5,15.83,22.58,29.33,47.62,18.42,8.67,19.25,18.17,27.62,37.08,269.98
The Heavy Metal Brewing Company,micro,809 Macarthur Blvd,Vancouver,98661,Clark,45.62792809,-122.618584,2017,1,0,https://untappd.com/TheHeavyMetalBrewingCo,21.5,21.5,21.38,21.25,21.0,20.75,33.25,45.75,58.25,47.62,37.0,37.0,386.25
The Hidden Mother Brewery,taproom,1303 N. Washington St,Spokane,98406,Spokane,47.261918,-122.485637,2018,0,1,https://untappd.com/TheHiddenMotherBrewery,48.14,1.0,,,-3.38,,,,,,,,
The Station U-Brew,micro,211 W Stewart Ave,Puyallup,98371,Pierce,47.19328373,-122.2959375,2010,0,0,https://untappd.com/w/the-station-u-brew/16747,8.71,9.03,12.26,9.36,9.36,7.74,6.78,4.84,10.0,7.42,7.42,9.03,101.95
Thirsty Crab Brewery,micro,9000 WA-525,Clinton,98236,Island,47.97987418,-122.3592704,2016,1,0,https://untappd.com/w/thirsty-crab-brewery/522205,12.0,9.0,12.0,25.0,25.5,26.0,41.0,16.0,29.0,21.0,13.0,9.0,238.5
Three Bull Brewing,taproom,809 19th St,Snohomish,98290,Snohomish,47.934463,-122.091729,2017,0,0,https://untappd.com/ThreeBullBrewingCo,4.56,2.23,3.99,5.97,3.04,4.13,5.89,12.2,3.33,4.34,3.94,2.18,55.8
Three Magnets Brewing,micro,600 Franklin St SE Suite 102,Olympia,98501,Thurston,47.04311475,-122.8985644,2014,0,0,https://untappd.com/ThreeMagnetsBrewing,,,,,129.63,208.1,41.09,175.46,93.64,22.1,228.27,,
Timber Monster Brewing,taproom,410 Main Street,Sultan,98294,Snohomish,47.86241184,-121.8162157,2018,0,0,https://untappd.com/w/timber-monster-brewing-company/388115,8.0,,,,,,,,,,,,
Timber Patch Brewing,taproom,180 2nd St,Morton,98356,Lewis,46.55580371,-122.2752505,2020,0,0,https://untappd.com/w/timber-patch-brewing/466510,4.5,6.16,6.66,6.0,7.65,7.14,8.16,10.96,9.44,6.46,5.82,5.46,84.41
Tin Dog Brewing,taproom,309 S Cloverdale Street,Seattle,98108,King,47.5246936,-122.3313703,2014,0,0,https://untappd.com/TinDogBrewing,3.56,3.17,3.23,4.22,10.4,11.15,12.96,14.76,4.16,4.69,2.26,2.26,76.82000000000001
Top Down Brewing Company,micro,15355 Main St,Sumner,98390,Pierce,47.2033083,-122.2442431,2000,0,0,https://untappd.com/TopDownBrewingCompany,15.79,26.08,36.38,15.81,15.07,16.91,24.08,17.4,14.33,17.66,12.29,13.26,225.06
Top Frog Brewery,taproom,221 Vista Dr,Newport,99156,Pend Oreille,48.18376927,-117.1586926,2014,0,0,https://untappd.com/w/top-frog-brewery/130102,2.25,4.0,4.25,4.0,2.75,5.5,3.0,2.5,4.0,2.0,2.75,6.0,43.0
Top Knot Brewing,nano,1753 Havillah Rd,Tonasket,98855,Okanogan,48.84809734,-119.1918555,2022,0,1,https://untappd.com/Top_Knot_Brewing,,,,,1.94,2.33,7.5,,,4.0,1.25,5.6,
Top Rung Brewing Company,brewpub,8343 Hogum Bay Ln Ne,Lacey,98516,Thurston,47.07583,-122.763153,2014,1,0,https://untappd.com/TopRungBrewing,37.29,37.7,57.17,76.86,96.54,68.3,52.55,54.41,52.45,51.61,44.71,37.92,667.51
Trap Door Brewing,alt prop,2315 Main St,Vancouver,98660,Clark,45.6386356,-122.6711185,2015,1,0,https://untappd.com/TrapDoorBrewingCo,42.88,42.11,47.33,63.65,49.83,67.26,57.58,69.84,96.7,62.74,-0.39,120.67,720.2
Triceratops Brewing Company,alt prop,8036 River Dr SE #203,Tumwater,98501,Thurston,46.9705449,-122.88462,2014,0,0,https://untappd.com/TriceratopsBrewingCompany,44.75,25.45,38.87,55.61,61.25,66.88,72.52,52.33,32.15,51.82,49.47,47.12,598.22
Triple R Brewing,taproom,916 NE 64th Street,Seattle,98115,King,47.67506635,-122.3183608,2014,0,0,https://untappd.com/TripleRBrewing,2.16,2.16,0.66,1.5,1.0,0.5,1.0,1.25,1.5,2.0,1.5,2.16,17.39
Triplehorn Brewing Company,brewpub,19510 144th Ave Ne,Woodinville,98072,King,47.76919839,-122.1476482,2012,1,0,https://untappd.com/TriplehornBrewing,60.0,60.0,55.0,45.09,66.04,87.0,65.0,59.0,62.0,80.0,56.0,51.0,746.13
Trusty Brewing Company,micro,114 E Evergreen Blvd,Vancouver,98660,Clark,45.6289231,-122.6707958,2016,0,1,https://untappd.com/TrustyBrewing,,13.58,,,3.75,2.33,,,,,,,
Twin Sisters Brewing Company,micro,508 Carolina Street,Bellingham,98225,Whatcom,48.76031192,-122.4689997,2018,1,0,https://untappd.com/TwinSistersBrewingCompany,57.11,109.04,108.02,121.08,134.21,143.22,142.62,99.6,93.03,87.67,83.07,62.79,1241.46
Two Beers Brewing Company,micro,4700 Ohio Ave S Unit A,Seattle,98134,King,47.56072271,-122.3379517,2008,0,0,https://untappd.com/TwoBeersBrewingCo,133.1,109.67,153.65,153.65,182.61,194.9,203.75,247.76,259.35,183.0,180.05,154.85,2156.34
Uprise Brewing Company,taproom,617 N Ash St,Spokane,99201,Spokane,47.66292668,-117.43655,2022,0,0,https://untappd.com/Uprise_Brewing_Co,0.0,0.0,0.0,0.0,0.0,0.0,1.7,58.29,48.72,43.92,33.34,34.37,220.34
Urban Family Brewing Company,micro,1103 NW 52nd St,Seattle,98107,King,47.66613655,-122.3710204,2012,1,0,https://untappd.com/UrbanFamilyBrewing,153.83,135.95,214.11,287.07,360.03,260.18,248.38,254.16,288.73,323.29,152.9,111.19,2789.82
V Twin Brewing Company,taproom,2302 N Argonne Rd Suite H,Spokane Valley,99212,Spokane,47.67782868,-117.2826374,2017,0,0,https://untappd.com/VTwinBrewingCompany,1.79,5.61,9.43,9.12,8.8,8.48,8.17,5.72,3.28,3.28,3.28,3.28,70.24
Valhöll Brewing Company,taproom,18970 rd Ave Ne,Poulsbo,98061,Kitsap,47.7351943,-122.6454,2010,0,0,https://untappd.com/ValhollBrewing,27.2,27.36,44.61,39.47,45.09,45.59,53.48,56.89,52.39,29.61,21.95,33.49,477.13
Valley Brewing Company,brewpub,3215 River Road,Yakima,98902,Yakima,46.61807448,-120.551908,2018,0,0,https://untappd.com/ValleyBrewingWA,23.08,24.03,40.81,39.8,38.78,32.43,79.68,73.14,66.6,59.99,53.38,53.38,585.1
Valley House Brewing Company,micro,16111 Main St Ne,Duvall,98019,King,47.74335796,-121.9858577,2017,0,0,https://untappd.com/ValleyHouseBrewingCo,16.8,18.4,14.5,22.0,28.6,32.1,23.6,22.1,16.8,21.7,29.15,36.6,282.35
Varietal Beer Company,micro,416 E Edison Ave,Sunnyside,98944,Yakima,46.32370381,-120.0154696,2017,1,0,https://untappd.com/VarietalBeerCo,193.7,193.7,110.67,149.0,187.34,158.55,240.1,321.64,146.97,201.62,256.27,256.27,2415.83
Vashon Brewing,taproom,17205 Vashon Hwy Sw,Vashon,98070,King,47.4505138,-122.4610462,2011,0,0,https://untappd.com/VashonBrewingCompany,2.17,2.17,5.22,8.28,5.68,11.5,17.32,5.83,7.34,2.75,1.79,1.79,71.84
Vice Beer,taproom,705 SE Park Crest Avenue Suite D430,Vancouver,98683,Clark,45.61538937,-122.521748,2022,1,0,https://untappd.com/Vice_Beer,0.0,0.0,0.0,0.0,3.39,6.78,10.17,4.89,-0.39,33.93,68.25,68.25,195.26999999999998
Victor 23 Craft Brewery,taproom,2905 St John's Blvd,Vancouver,98661,Clark,45.64258,-122.646328,2016,0,0,https://untappd.com/Victor23Brewing,14.15,7.71,42.9,48.53,14.22,27.6,46.76,38.15,62.0,9.25,15.0,38.89,365.15999999999997
Volition Brewing Company,brewpub,43525 se 76th ST,Snoqualmie,98065,King,47.49516514,-121.7860501,2019,1,0,https://untappd.com/VolitionBrewingCo,13.59,14.99,16.38,17.78,83.38,51.87,20.36,20.49,20.62,84.98,25.58,25.58,395.6
Wander Brewing,taproom,1807 Dean Ave,Bellingham,98225,Whatcom,48.75426712,-122.4737586,2014,1,0,https://untappd.com/WanderBrewing,107.96,136.75,199.87,182.97,183.47,175.19,177.33,220.62,166.52,134.83,144.36,106.86,1936.73
Wandering Hop Brewery,taproom,508 N 20th Ave,Yakima,98902,Yakima,46.6052949,-120.53703,2019,0,0,https://untappd.com/WanderingHop,12.95,17.29,43.04,27.68,28.07,32.96,17.54,25.94,20.59,34.73,19.69,20.66,301.14
Water Buffalo Brewery,micro,136 Russet Road,Walla Walla,99362,Walla Walla,46.0522023,-118.40608,2020,1,0,https://untappd.com/WaterBuffaloBrewery,0.58,1.44,3.75,0.89,3.16,6.05,8.21,6.2,6.09,4.06,1.33,1.3,43.06
Watts Brewing Company,brewpub,15510 Redmond - Woodinville Rd NE #E110,Woodinville,98072,Snohomish,47.74011203,-122.1537687,2015,1,0,https://untappd.com/WattsBrewingCompany,1.67,1.67,1.17,0.67,0.17,1.75,3.33,11.33,22.83,18.17,16.33,19.35,98.44
Well 80 Brewing Company,taproom,514 4th Ave E,Olympia,98501,Thurston,47.04534571,-122.8964257,2021,1,0,https://untappd.com/Well80Brewhouse,27.08,39.42,35.59,41.23,45.62,27.75,40.5,30.92,44.75,34.58,13.83,32.57,413.84
Wenatchee Valley Brewing Company,brewpub,108 E Island View Street,Wenatchee,98801,Chelan,47.434948,-120.31472,2016,1,0,https://untappd.com/WenatcheeValleyBrewingCompany,19.0,22.0,32.0,37.5,41.17,40.91,38.33,52.8,57.47,62.15,15.3,15.49,434.12
West Seattle Brewing Company,brewpub,4414 Fauntleroy Way Sw,Seattle,98126,King,47.5642194,-122.3776803,2013,0,0,https://untappd.com/WestSeattleBrewingCo,4.72,11.75,18.77,25.8,37.21,48.62,48.37,48.12,39.42,30.73,22.03,13.07,348.61
Western Red Brewing,taproom,19168 Jensen Way Ne,Poulsbo,98370,Kitsap,47.7370261,-122.6466751,2018,1,0,https://untappd.com/WesternRedBrewing,108.11,55.45,75.32,109.99,144.67,93.73,66.88,119.6,172.32,140.57,108.82,43.15,1238.61
Wet Coast Brewing Company,micro,6820 Kimball Dr Suite C,Gig Harbor,98335,Pierce,47.32100098,-122.5871411,2015,1,0,https://untappd.com/WetCoastBrewing,60.44,59.63,120.55,181.47,92.57,97.03,101.69,89.16,79.01,71.17,62.55,64.36,1079.63
Wheelie Pop Brewing,taproom,1110 NW 50th St,Seattle,98107,King,47.6651248,-122.3710279,2020,0,0,https://untappd.com/WheeliePopBrewing,11.67,11.67,27.86,16.2,28.38,29.9,34.34,32.59,47.37,35.71,32.68,27.08,335.45
Whipsaw Brewing,taproom,704 N Wenas St,Ellensburg,98926,Kittitas,46.99859732,-120.5555012,2016,0,0,https://untappd.com/WhipsawBrewing,30.59,36.25,58.02,84.17,89.36,128.14,97.99,132.65,138.51,131.33,117.2,69.48,1113.69
Whistle Punk Brewing Company,micro,122 S Monroe,Spokane,99201,Spokane,47.6559616,-117.42673,2016,1,0,https://untappd.com/WhistlePunkBrewing,23.33,16.33,29.17,32.0,31.67,25.0,25.0,32.17,19.5,32.67,25.17,19.5,311.51
White Bluffs Brewing,taproom,2034 Logston Blvd,Richland,99354,Benton,46.31881569,-119.3015375,2011,1,0,https://untappd.com/w/white-bluffs-brewing/10846,95.68,109.82,107.8,106.39,104.73,135.97,79.97,113.58,123.82,96.2,87.19,114.72,1275.87
Whitewall Brewing Company,taproom,14524 Smokey Point Blvd,Marysville,98271,Snohomish,48.12819955,-122.1843224,2014,1,0,https://untappd.com/WhitewallBrewingCompany,20.64,28.39,39.96,16.82,35.7,22.75,30.91,31.59,27.49,22.26,19.73,27.71,323.95
Wicked Teuton Brewing Company,brewpub,1341 SW Barlow St,Oak Harbor,98277,Island,48.28738818,-122.6599142,2017,0,0,https://untappd.com/WickedTeutonBrewingCompany,6.0,5.5,6.67,5.0,7.75,9.5,8.83,5.5,7.83,6.55,7.67,7.67,84.47
Wild Man Brewing Company,micro,203 Duryea St,Raymond,98577,Pacific,46.68666224,-123.7343282,2021,0,0,https://untappd.com/WildManBrewing,12.96,9.65,8.21,8.22,10.44,14.63,8.84,16.62,12.2,12.94,10.64,9.27,134.62
Wild Oak Project,brewpub,5229 144th St SE,Everett,98208,Snohomish,47.86718627,-122.160425,2022,0,0,https://untappd.com/WildOakProject,0.0,0.15,,,0.23,,,,,,,,
Wildland Cooperative,micro,8022 E Greenbluff Rd,Colbert,99005,Spokane,47.8234405,-117.2975874,2021,0,0,https://untappd.com/wildlandcoop,,,,,1.66,0.31,2.31,,5.0,,9.65,,
Willapa Brewing Company,taproom,405 Minnesota St,South Bend,98586,Pacific,46.66534241,-123.7923129,2018,0,0,https://untappd.com/WillapaBrewingCo,2.67,6.82,5.16,9.14,6.48,9.3,1.98,8.62,6.81,9.43,4.47,3.84,74.72
Yakima Craft Brewing Company,taproom,2920 River Road #6,Yakima,98902,Yakima,46.61792914,-120.5474552,2008,0,1,https://untappd.com/v/yakima-craft-brewing-company/49925,37.83,30.47,35.62,22.31,29.2,48.07,32.86,25.91,20.24,25.01,15.26,5.5,328.28
Yaya Brewing Company,taproom,11712 E Montgomery Dr,Spokane Valley,99206,Spokane,47.674922,-117.247451,2020,1,0,https://untappd.com/YaYaBrewingCompany,54.0,45.23,103.06,56.0,52.98,85.67,73.49,72.06,46.59,67.73,90.8,62.34,809.95
Yoked Farmhouse and Brewery,taproom,525 SW Pine Rd SW,Port Orchard,98376,Kitsap,47.41845427,-122.6545476,2020,0,0,https://untappd.com/YokedFarmhouseBrewery,9.98,23.64,26.94,30.23,33.53,34.72,35.92,50.4,64.87,53.48,42.09,30.7,436.5
