brewery,satellite_location,brewery_type,address,city,zipcode,county,latitude,longitude,year_established,guild_member,production_data_2017,production_data_2022,closed_since_2022,untappd_profile_link
192 Brewing Company,Mount Vernon,taproom,1405 South 2nd Street,Mount Vernon,98273,Skagit,48.41177416,-122.3379704,2010,1,1,1,1,https://untappd.com/192BrewingCo
192 Brewing Company,,brewpub,7324 NE 175th Street Ste F,Kenmore,98028,King,47.7566771,-122.2425016,2010,1,1,1,0,https://untappd.com/192BrewingCo
20 Corners Brewing Company,,brewpub,14148 NE 190th St - Suite A,Woodinville,98072,King,47.76506654,-122.1510149,2016,0,1,1,0,https://untappd.com/20CornersBrewingCompany
210 Brewing Company,,taproom,3438 Stoluckquamish Lane,Arlington,98223,Snohomish,48.2135319,-122.1848541,2015,1,1,0,0,https://untappd.com/210Brewing
23rd Ave Brewery,,micro,2313 S Jackson St,Seattle,98144,King,47.59927,-122.3018,2018,0,0,1,0,https://untappd.com/23rdAveBrewery
4 Stitch Brewing Company,,brewpub,16709 9th Ave SE,Mill Creek,98012,Snohomish,47.84617437,-122.2201877,2023,1,0,1,0,https://untappd.com/4StitchBrewingCompany
5 North Brewing Company,,taproom,6501 N Cedar Rd,Spokane,99208,Spokane,47.71758683,-117.4328496,2020,0,0,1,1,https://untappd.com/w/5-north-brewing-company/459754
5 Rights Brewing Company,,brewpub,1514 3rd Street,Marysville,98270,Snohomish,48.05083967,-122.1766716,2015,0,1,1,0,https://untappd.com/5RightsBrewing
54°40' Brewing Company,,brewpub,3801 S Truman Rd #1,Washougal,98671,Clark,45.56483205,-122.3270743,2015,0,1,1,0,https://untappd.com/5440BrewingCompany
5th Line Brewing Company,,micro,1015 E Lincoln Ave Ste 106,Yakima,98901,Yakima,46.60902802,-120.4939929,2021,1,0,1,0,https://untappd.com/5thlinebrewingco
7 Seas Brewing Company,Tacoma,taproom,2101 Jefferson Ave,Tacoma,98402,Pierce,47.242638,-122.439135,2009,1,1,1,0,https://untappd.com/7seasbrewing
7 Seas Brewing Company,Gig Harbour,brewpub,2905 Harborview Dr,Gig Harbor,98335,Pierce,47.32760196,-122.5774155,2009,1,1,1,0,https://untappd.com/7seasbrewing
Acorn Brewing,,taproom,2105 E Meridian,Edgewood,98371,Pierce,47.237965,-122.293459,2021,1,0,1,0,https://untappd.com/Acorn_Brewing
Airways Brewing Company,Pacific Business park,brewpub,8611 S 212th St,Kent,98031,King,47.411994,-122.2249666,2010,1,1,1,0,https://untappd.com/airwaysbrewing
Airways Brewing Company,Downtown Kent,taproom,320 W Harrison St,Kent,98032,King,47.38212953,-122.2358788,2010,1,1,1,0,https://untappd.com/airwaysbrewing
Ale Spike Camano Island Brewing,,brewpub,1244 Moore Rd I-1,Camano,98282,Island,48.2572192,-122.4381311,2023,1,1,1,0,https://untappd.com/AleSpikeCamanoIslandBrewery
Anacortes Brewery,,micro,320 Commercial Ave,Anacortes,98221,Skagit,48.5192406,-122.6127606,2002,1,1,1,0,https://untappd.com/AnacortesBreweryRockfishGrill
Ancient Lakes Brewing Company,,brewpub,1004 F Street SW #12,Quincy,98848,Grant,47.6105405,-122.308173,2010,0,0,1,0,https://untappd.com/ancientlakesbrewing
Ashtown Brewing Company,,taproom,1175 Hudson St,Longview,98632,Cowlitz,46.13661487,-122.9327409,2013,0,1,1,0,https://untappd.com/AshtownBrewingCompany
Aslan Brewing Company,Seattle,micro,401 N 36th St Ste 102,Seattle,98103,King,47.651808,-122.354245,2014,1,1,1,0,https://untappd.com/AslanBrewingCompany
Aslan Brewing Company,Bellingham Forest St,taproom,1330 N Forest St,Bellingham,98225,Whatcom,48.74801531,-122.4754506,2014,1,1,1,0,https://untappd.com/AslanBrewingCompany
Aslan Brewing Company,Bellingham State St,taproom,1322 N State Street,Bellingham,98225,Whatcom,48.74862467,-122.476594,2014,1,1,1,0,https://untappd.com/AslanBrewingCompany
At Large Brewing,,brewpub,2730 W Marine View Drive,Everett,98201,Snohomish,47.98158257,-122.2144055,2015,0,1,1,0,https://untappd.com/AtLargeBrewingCompany
Atomic Ale Brewpub and Eatery,,micro,1015 Lee Blvd,Richland,99352,Benton,46.27475215,-119.2782028,2005,0,1,1,0,https://untappd.com/w/atomic-ale-brewpub-eatery/15573
Atwood Farm Brewery,,micro,4012 Sweet Rd,Blaine,98230,Whatcom,48.979201,-122.698149,2016,0,0,1,0,https://untappd.com/AtwoodFarmBrewery
Audacity Brewing,,micro,1208 10th St Suite C,Snohomish,98290,Snohomish,47.924245,-122.096751,2022,1,0,0,0,https://untappd.com/AudacityBrewing
Backwoods Brewing Company,,taproom,1162 Wind River Rd,Carson,98610,Skamania,45.72871954,-121.8203734,2012,0,1,1,0,https://untappd.com/BackwoodsBrewingCompany
Bad Jimmy's Brewing Company,,alt prop,4358 Leary Way Nw,Seattle,98107,King,47.6596601,-122.365556,2014,0,1,1,0,https://untappd.com/BadJimmysBrewingCo
Badass Backyard Brewing,,brewpub,1415 N Argonne Rd,Spokane Valley,99212,Spokane,47.66990294,-117.282921,2015,1,1,1,0,https://untappd.com/Badass-Backyard-Brewing
Badger Mountain Brewing Company,,taproom,1 Orondo Avenue,Wenatchee,98801,Chelan,47.423866,-120.309043,2013,0,0,0,0,https://untappd.com/BadgerMountainBrewing
Bainbridge Brewing Company,Coppertop Park,taproom,9415 Coppertop Loop Suite 103-104,Bainbridge Island,98110,Kitsap,47.65010066,-122.5194436,2012,1,1,1,0,https://untappd.com/BainbridgeIslandBrewing
Bainbridge Brewing Company,Downtown Winslow,regional,500 Winslow Way East,Bainbridge Island,98110,Kitsap,47.6250242,-122.514901,2012,1,1,1,0,https://untappd.com/BainbridgeIslandBrewing
Bale Breaker Brewing Company,Yakima,taproom,1801 Birchfield Rd,Yakima,98901,Yakima,46.577022,-120.435339,2013,1,1,1,0,https://untappd.com/BaleBreakerBrewing
Bale Breaker Brewing Company,Seattle,taproom,826 NW 49th St,Seattle,98107,King,47.66452825,-122.3680346,2013,1,1,1,0,https://untappd.com/BaleBreakerBrewing
Bardic Brewing and Cider,,brewpub,15412 E Sprague Ave Suite 14,Spokane Valley,99037,Spokane,47.65694705,-117.197867,2019,0,0,1,0,https://untappd.com/Bardic_Brewing
Barhop Brewing,Port Angeles Railroad Ave,brewpub,124 W Railroad Ave,Port Angeles,98362,Clallam,48.12089402,-123.4325304,2011,0,1,1,0,https://untappd.com/BarhopBrewing
Barhop Brewing,Port Angeles 19th St,micro,2506 W 19th St,Port Angeles,98363,Clallam,48.1217165,-123.4948628,2011,0,1,1,0,https://untappd.com/BarhopBrewing
Barley POP! Brewing,,micro,4715 86th pl ne,Marysville,98270,Snohomish,48.05181215,-122.1772295,1999,1,0,1,0,https://untappd.com/BarleyPOPBrewing
Barrel Mountain Brewing,,brewpub,607 E Main St,Battle Ground,98604,Clark,45.78085889,-122.5309307,2016,0,1,1,0,https://untappd.com/BarrelMountainBrewing
Bastion Brewing Company,,taproom,12529 Christianson Rd,Anacortes,98221,Skagit,48.4617823,-122.5706139,2016,0,1,1,0,https://untappd.com/BastionBrewingCompany
Beach Cat Brewing,,brewpub,7876 Birch Bay Dr #101,Blaine,98230,Whatcom,48.92825894,-122.7382271,2021,1,0,1,0,https://untappd.com/w/beach-cat-brewing/461545
Beardslee Public House,,brewpub,19116 112th Ave Ne,Bothell,98011,Snohomish,47.7662638,-122.191975,2015,1,1,1,0,https://untappd.com/w/beardslee-public-house/159258
Bellevue Brewing Company,,taproom,1820 130th Avenue NE Suite 2,Bellevue,98005,King,47.62658291,-122.1669286,2011,1,1,1,0,https://untappd.com/bellevuebrewingcompany
Bellwether Brewing Company,,brewpub,2019 N Monroe Street,Spokane,99205,Spokane,47.67599738,-117.4267963,2016,0,1,1,0,https://untappd.com/BellwetherBrewingCompany
Bennidito's Brewpub,,taproom,1909 E Sprague,Spokane,99202,Spokane,47.657375,-117.382272,2016,0,1,1,0,https://untappd.com/w/bennidito-s-brew-pub/212553
Bent Bine Brewing Company,,taproom,23297 State Route 3,Belfair,98528,Mason,47.444987,-122.832246,2017,0,1,1,0,https://untappd.com/BentBineBrewCo
Bickersons Brewhouse,,taproom,4710 NE 4th St #C105,Renton,98059,King,47.488866,-122.155393,2021,1,0,1,0,https://untappd.com/BickersonsBrewhouse
Big Barn Brewing Company,,taproom,16004 N Applewood Lane,Mead,99021,Spokane,47.80600384,-117.2566322,2013,1,1,1,0,https://untappd.com/BigBarnBrewingCompany
Big Block Brewing,Sammamish,taproom,3310 E Lake Sammamish Pkwy SE,Sammamish,98074,King,47.5796686,-122.0741734,2014,0,1,1,0,https://untappd.com/bigblockbrews
Big Block Brewing,Redmond,brewpub,14950 NE 95th St,Redmond,98052,King,47.6864002,-122.1411306,2014,0,1,1,0,https://untappd.com/bigblockbrews
Big House Brewpub,,brewpub,11 S Palouse St,Walla Walla,99362,Walla Walla,46.0690413,-118.3347678,2019,1,0,0,0,https://untappd.com/BigHouseBrewPub
Big Time Brewery,,brewpub,4133 University Ave NE,Seattle,98105,King,47.65795447,-122.3136539,1988,0,1,1,0,https://untappd.com/BigTimeBrewingCompany
Birdsview Brewing Company,,micro,38302 State Rt 20,Concrete,98237,Skagit,48.52822071,-121.9130771,2006,0,1,1,0,https://untappd.com/BirdsviewBrewingCompany
Bizarre Brewing,,brewpub,4441 26th Ave W Suite A,Seattle,98199,King,47.66058456,-122.3902884,2023,1,0,1,0,https://untappd.com/BizarreBrewing
Black Fleet Brewing,,taproom,2302 Fawcett Ave,Tacoma,98402,Pierce,47.240775,-122.440565,2019,1,0,0,0,https://untappd.com/BlackFleetBrewing
Black Label Brewing Company,,micro,W 19 Main Ave,Spokane,99201,Spokane,47.6587606,-117.41198,2015,0,1,1,0,https://untappd.com/BlackLabelBrewingCompany
Black Raven Brewing Company,Woodinville,micro,15902 Woodinville-Redmond Rd NE,Woodinville,98072,King,47.74648386,-122.1631586,2009,1,1,1,0,https://untappd.com/BlackRavenBrewingCompany
Black Raven Brewing Company,Redmond,brewpub,14679 NE 95th St,Redmond,98052,King,47.68549171,-122.1455104,2009,1,1,1,0,https://untappd.com/BlackRavenBrewingCompany
Blackbeard's Brewing Company,,brewpub,700 W Ocean Ave,Westport,98595,Grays Harbor,46.88708755,-124.1119257,2015,0,1,1,0,https://untappd.com/Blackbeards
Blewett Brewing Company,,micro,911 Commercial Street,Leavenworth,98826,Chelan,47.5966521,-120.6561619,2016,1,1,1,0,https://untappd.com/BlewettBrewing
Bluebird Microcreamery and Brewery,,nanobrewery,7415 Greenwood Ave N,Seattle,98103,King,47.6830284,-122.355485,2012,0,0,0,0,https://untappd.com/w/bluebird-microcreamery-brewery/41428
Bombing Range Brewing Company,,micro,2000 Logston Blvd #126,Richland,99354,Benton,46.318477,-119.301893,2017,0,1,1,0,https://untappd.com/w/bombing-range-brewing-company/298095
Bosk Brew Works,,alt prop,14350 NE 193Rd Pl Building C,Woodinville,98072,King,47.76769213,-122.1484418,2018,1,0,0,0,https://untappd.com/BoskBrewWorks
Bottle Bay Brewing Company,,brewpub,503 E 30th Ave,Spokane,99203,Spokane,47.62733743,-117.4029121,2022,0,0,1,0,https://untappd.com/BottleBayBrewingCo
Boundary Bay Brewery,,brewpub,1107 Railroad Ave,Bellingham,98225,Whatcom,48.74721696,-122.4810156,1995,1,1,1,0,https://untappd.com/bbaybrewery
BreakThru Brewing Company,,taproom,8611 S 212th St,Kent,98031,King,47.411994,-122.2249666,2021,1,0,1,0,https://untappd.com/BreakThruBrewingCompany
Brewbakers Brewing Company,,micro,11927 84th St Ne,Lake Stevens,98258,Snohomish,48.07243446,-122.0676933,2015,0,1,1,0,https://untappd.com/w/brewbakers-brewery-wa/219768
Brick West Brewing Company,,brewpub,1318 West 1St Ave Ste 1,Spokane,99201,Spokane,47.6565999,-117.4314751,2020,1,0,1,0,https://untappd.com/BrickWestBrewing
Bron Yr Aur Brewing Company,,micro,12160 Us Hwy 12,Naches,98937,Yakima,46.7386529,-120.73932,2015,0,1,1,0,https://untappd.com/BronYrAurBrew
Brother Ass Brewing,,taproom,11700 NE 54Th Ct,Vancouver,98686,Clark,45.70626635,-122.6172247,2015,0,1,0,0,https://untappd.com/BrotherAssBrewing
Brothers Cascadia Brewing,,taproom,9811 NE 15th Ave,Vancouver,98665,Clark,45.69223,-122.655954,2017,0,1,0,0,https://untappd.com/BrothersCascadia
Bugu Brewing Company,,taproom,14751 N Kelsey St Suite 107,Monroe,98272,Snohomish,47.8640911,-121.975192,2021,1,0,1,0,https://untappd.com/BuguBrewing
Burke-Gilman Brewing Company,,taproom,3626 NE 45th St #102,Seattle,98105,King,47.6614658,-122.288056,2018,1,0,1,0,https://untappd.com/BurkeGilmanBrewingCompany
Burwood Brewing Company,,micro,1120 E St,Walla Walla,99362,Walla Walla,46.0933964,-118.2659,2014,1,1,1,0,https://untappd.com/BurwoodBrewingCompany
Byron Street Brewery,,taproom,3388 NW Byron Street Suite 101,Silverdale,98383,Kitsap,47.6447357,-122.6956894,2022,0,0,1,0,https://untappd.com/w/byron-street/529245
Cairn Brewing,,micro,7204 NE 175th St,Kenmore,98028,King,47.756734,-122.244177,2016,0,1,0,0,https://untappd.com/CairnBeer
Camas Brewing Company,,taproom,335 NE Cedar St,Camas,98607,Clark,45.58542289,-122.4038144,2022,0,0,1,1,https://untappd.com/CamasBrewingCo
Camp Colvos Brewing,Vashon,brewpub,17636 Vashon Hwy Sw,Vashon,98070,King,47.4464422,-122.4601578,2018,0,0,0,0,https://untappd.com/CampColvosBrewing
Camp Colvos Brewing,Tacoma,taproom,2104 Commerce St,Tacoma,98402,Pierce,47.24283525,-122.4371278,2018,0,0,0,0,https://untappd.com/CampColvosBrewing
Cardinal Craft Brewing,,brewpub,15579 Peterson Rd,Burlington,98233,Skagit,48.47251215,-122.4098098,2016,0,0,0,0,https://untappd.com/CardinalCraftBrewing
Chainline Brewing Company,,brewpub,500 Uptown Court Suite 210,Kirkland,98033,King,47.678357,-122.198164,2015,1,1,1,0,https://untappd.com/ChainlineBrewingCompany
Chaos Bay Brewing Company,,brewpub,1100 Perry Ave,Bremerton,98310,Kitsap,47.5703729,-122.6136835,2021,0,0,1,0,https://untappd.com/DerBlokkenBrewery
Chief Spring's Fire and Irons Brewpub,,micro,148 E Main St,Dayton,99328,Columbia,46.31924865,-117.9813348,2013,1,1,1,0,https://untappd.com/ChiefSpringsFireIronsBrewpub
Chuckanut Brewery,,taproom,11937 Higgins Airport Way,Burlington,98233,Skagit,48.47346346,-122.4119584,2008,1,1,1,0,https://untappd.com/ChuckanutBrewery
Cloudburst Brewing,Western Ave,taproom,2116 Western Ave,Seattle,98121,King,47.61141494,-122.3449973,2015,1,1,1,0,https://untappd.com/CloudburstBrewing
Cloudburst Brewing,Shilshole Ave,taproom,5456 Shilshole Ave Nw,Seattle,98107,King,47.66770921,-122.3863387,2015,1,1,1,0,https://untappd.com/CloudburstBrewing
Cole Street Brewery,,brewpub,2551 Cole Street-Suite R,Enumclaw,98022,King,47.2038796,-121.98903,2014,0,1,1,0,https://untappd.com/ColeStreetBreweryEnumclaw
Columbia Valley Brewing Company,,brewpub,538 Riverside Dr,Wenatchee,98801,Chelan,47.432981,-120.313688,2011,0,0,1,0,https://untappd.com/ColumbiaValleyBrewery
Cowiche Creek Brewing Company,,micro,514 Thompson Rd,Cowiche,98923,Yakima,46.65831896,-120.6834142,2018,1,1,0,0,https://untappd.com/CowicheCreek
Craft Brewing Academy/Skagit Valley College,,taproom,2405 East College Way,Mount Vernon,98273,Skagit,48.4377631,-122.350448,1996,0,1,1,0,https://untappd.com/CardinalCraftBrewing
Crane's Castle Brewing Company,,taproom,1550 NE Riddell Rd Suite #180,Bremerton,98310,Kitsap,47.60686,-122.6281819,2018,0,0,1,0,https://untappd.com/CranesCastleBrewing
Crooked Label Brewing Company,,brewpub,773 Village Way,Monroe,98272,Snohomish,47.850331,-121.98083,2021,0,0,1,0,https://untappd.com/w/crooked-label-brewing-company/487482
Crossbuck Brewing,,micro,410 N 2nd Ave,Walla Walla,99362,Walla Walla,46.07018805,-118.342071,2018,1,0,1,0,https://untappd.com/xbuckbrewing
Crossed Arrows Brewery,,taproom,14004 Purdy Dr Gig harbor,Gig Harbor,98332,Pierce,47.3853763,-122.6292102,2019,0,0,1,0,https://untappd.com/Crossed_Arrows_Brewery
Crucible Brewing Company,Woodinville Forge,taproom,12826 NE 178th St Ste C,Woodinville,98072,King,47.75649976,-122.1685679,2015,0,1,1,1,https://untappd.com/CrucibleBrewing
Crucible Brewing Company,Everett,micro,909 SE Everett Mall Way Ste D440,Everett,98208,Snohomish,47.91063493,-122.2196672,2015,0,1,1,0,https://untappd.com/CrucibleBrewing
Cursed Brewing,,taproom,3108 S Lloyd Ln,Spokane,99223,Spokane,47.6259653,-117.3437658,2022,1,0,1,1,https://untappd.com/CursedBrewing
Deep Draft Brewing,,brewpub,3536 W Belfair Valley Rd,Bremerton,98312,Kitsap,47.5291651,-122.699005,2023,0,0,1,0,https://untappd.com/Deep_Draft_Brewing_Co
Diamond Knot Brewing Company,Front St Mukilteo,brewpub,621 Front St,Mukilteo,98275,Snohomish,47.94855427,-122.3049752,1993,1,1,1,0,https://untappd.com/diamondknot
Diamond Knot Brewing Company,Chennault Beach road,brewpub,4602 Chennault Beach Rd,Mukilteo,98275,Snohomish,47.8961112,-122.2955186,1993,1,1,1,0,https://untappd.com/diamondknot
Diamond Knot Brewing Company,mountlake terrace,taproom,5602 232nd St Sw,Mountlake Terrace,98043,Snohomish,47.7879417,-122.3092553,1993,1,1,1,0,https://untappd.com/diamondknot
Dick's Brewing Company,,taproom,3516 Galvin Road,Centralia,98531,Lewis,46.73549248,-122.9999643,1994,0,1,1,0,https://untappd.com/DicksBrewingCompany
Dirty Couch Brewing,,taproom,2715 W Fort St,Seattle,98199,King,47.66117377,-122.3919126,2017,0,0,1,0,https://untappd.com/DirtyCouchBrewing
Discovery Bay Brewing,,brewpub,948 North Park Ave,Port Townsend,98368,Jefferson,48.1066899,-122.8026616,2018,0,0,1,0,https://untappd.com/DiscoveryBayBrewing
District Brewing,,taproom,520 Main St,Mt Vernon,98273,Skagit,48.41945088,-122.3387976,2021,1,0,1,0,https://untappd.com/w/district-brewing/461833
Dog and Pony Brewing Company,,taproom,5427 Binder Rd,Cashmere,98815,Chelan,47.5084445,-120.4777708,2016,0,0,0,0,https://untappd.com/DogPonyBrewingCompany
Dog Days Brewing,,taproom,260 4th St,Bremerton,98337,Kitsap,47.5658854,-122.6247931,2017,0,1,1,0,https://untappd.com/DogDaysBrewery
Doghaus Brewery,,brewpub,321 9th St,Leavenworth,98826,Chelan,47.5948746,-120.660143,2015,1,1,1,0,https://untappd.com/DoghausBrewery
Doomsday Brewing Company,Washougal,brewpub,421 C St Unit 1B,Washougal,98671,Clark,45.58082254,-122.3732983,2014,0,1,1,0,https://untappd.com/DoomsdayBrewingCompany
Doomsday Brewing Company,Hazel Dell town center,micro,9301 NE 5th Ave Suite 120,Vancouver,98665,Clark,45.6879658,-122.6666069,2014,0,1,1,0,https://untappd.com/DoomsdayBrewingCompany
Doomsday Brewing Company,Arnada Safehouse,micro,1919 Main Street,Vancouver,98660,Clark,45.6363044,-122.6713005,2014,0,1,1,0,https://untappd.com/DoomsdayBrewingCompany
Double Bluff Brewing Company,,micro,112 Anthes Ave,Langley,98260,Island,48.04026045,-122.4095264,2015,1,0,0,0,https://untappd.com/DBLFBrewing
Downpour Brewing,,brewpub,10991 NE State Highway 104,Kingston,98346,Kitsap,47.80129209,-122.5002286,2014,0,1,1,0,https://untappd.com/Downpour_Brewing
Dreadnought Brewing,,micro,16726 146th St SE Suite 153,Monroe,98272,Snohomish,47.864151,-122.006187,2015,0,1,1,0,https://untappd.com/DreadnoughtBrewing-brewer
Dru Bru,Snoqualmie Pass,micro,10 Pass Life Way,Snoqualmie Pass,98068,King,47.4211528,-121.4124,2014,1,1,1,0,https://untappd.com/DruBru
Dru Bru,Cle Elum,micrp,1015 E 2nd St,Cle Elum,98922,Kittitas,47.19305065,-120.9171788,2014,1,1,1,0,https://untappd.com/DruBru
Dubtown Brewing Company,,brewpub,201 Main Avenue South,Renton,98057,King,47.481022,-122.2044169,2019,0,0,1,0,https://untappd.com/w/dubtown-brewing-company/436623
Dunagan Irish Pub and Brewery,,micro,3222 56th St,Gig Harbor,98335,Pierce,47.252925,-122.439425,2021,0,0,1,0,https://untappd.com/DunaganBrewingCompany
Dungeness Brewing Company,,micro,4017 S Mt Angeles Road,Port Angeles,98362,Clallam,48.088854,-123.418159,2012,0,1,1,0,https://untappd.com/DungenessBrewingCompany
Dwinell Country Ales,,micro,206 West Broadway Street,Goldendale,98620,Klickitat,45.82292352,-120.8247793,2017,1,0,0,0,https://untappd.com/DwinellCountyAles
Dystopian State Brewing Company,,micro,611 S Baker St,Tacoma,98402,Pierce,47.25836177,-122.4433036,2016,0,0,0,0,https://untappd.com/DystopianStateBrewingCompany
E2W Brewing,,micro,12913 Shady Glen Ave SE,Olalla,98359,Kitsap,47.432463,-122.594069,2020,0,1,1,1,https://untappd.com/E2WBrewing
E9 Brewing Company,,micro,2506 Fawcett Ave,Tacoma,98402,Pierce,47.238206,-122.440021,1995,0,0,1,0,https://untappd.com/EngineHouseNo9
E9 Firehouse and Gastropub,,brewpub,611 N Pine St,Tacoma,98406,Pierce,47.2564305,-122.473523,1971,0,1,0,0,https://untappd.com/EngineHouseNo9
Echoes Brewing Company,,micro,19815 Viking Ave Nw,Poulsbo,98370,Kitsap,47.74292547,-122.6570659,2020,0,0,1,0,https://untappd.com/EchoesBrewing
El Sueñito Brewing Company,,micro,1926 Humboldt St,Bellingham,98225,Whatcom,48.75625625,-122.4675463,2023,0,0,0,0,https://untappd.com/ElSuenito
Elk Head Brewing Company,,micro,28120 Hwy 410 A-#10,Buckley,98321,Pierce,47.1590532,-122.05279,2005,0,1,1,0,https://untappd.com/CMORGANROTH
Ellensburg Brewery Company,,brewpub,206 N Main St,Ellensburg,98926,Kittitas,46.99354528,-120.5484207,2021,0,0,0,0,https://untappd.com/EllensburgBrewery
Elliott Bay Brewing Company,Lake City,brewpub,12537 Lake City Way Northeast,Seattle,98125,King,47.719712,-122.2951078,2001,1,0,1,0,https://untappd.com/ElliottBay
Elliott Bay Brewing Company,Genesee West Seattle,brewpub,4720 California Ave Sw,Seattle,98116,King,47.56067351,-122.3866724,2001,1,0,1,0,https://untappd.com/ElliottBay
Elliott Bay Brewing Company,Burien,large,255 SW 152nd St,Burien,98166,King,47.46677673,-122.3373361,2001,1,0,1,0,https://untappd.com/ElliottBay
Elysian Brewing,Capitol Hill,large,1221 E Pike St,Seattle,98122,King,47.61402422,-122.3164608,1999,0,0,1,0,https://untappd.com/ElysianBrewing
Elysian Brewing,Pioneer Square,large,542 1St Ave S,Seattle,98104,King,47.59710039,-122.3340707,1999,0,0,1,0,https://untappd.com/ElysianBrewing
Elysian Brewing,Industrial District,micro,5510 Airport Way S,Seattle,98108,King,47.5533243,-122.3205871,1999,0,0,1,0,https://untappd.com/ElysianBrewing
Ethereal Meads,,brewpub,18109 NE 72nd Ave,Battle Ground,98604,Clark,45.753112,-122.597776,2018,0,0,0,0,https://untappd.com/w/ethereal-meads/174093
Everybody's Brewing,,micro,151 E Jewitt Blvd,White Salmon,98672,Klickitat,45.7273156,-121.48538,2009,1,1,1,0,https://untappd.com/EverybodysBrewing
Exit 16 Brewing,,micro,34202 NE Finalburg Rd,La Center,98629,Clark,45.869122,-122.631814,2022,0,0,0,0,https://untappd.com/Exit16Brewing
Explorer Brewing Company,,micro,209 Ash St,Kelso,98626,Cowlitz,46.14223043,-122.9120371,2022,1,0,1,0,https://untappd.com/ExplorerBrewingCompany
Fair Isle Brewing,,brewpub,936 NW 49th St,Seattle,98107,King,47.66446655,-122.3691185,2017,1,0,1,0,https://untappd.com/Fair_Isle_Brewing
Farmstrong Brewing Company,,micro,110 Stewart Rd,Mount Vernon,98273,Skagit,48.44308447,-122.3427346,2015,0,1,0,0,https://untappd.com/FarmStrong1
Fast Fashion Beer,,micro,1723 1st Ave S,Seattle,98134,King,47.5874822,-122.334465,2021,0,0,1,0,https://untappd.com/FastFashion
Fathom and League Hop Yard Brewery,,micro,360 Grandview Dr,Sequim,98382,Clallam,48.10295,-123.15689,2010,0,1,1,0,https://untappd.com/w/fathom-and-league-hop-yard-brewery/11933
Fermentation Initiative,,micro,626 S Tacoma Way Suite D,Tacoma,98409,Pierce,47.23115343,-122.472903,2019,0,0,1,0,https://untappd.com/w/fermentation-initiative/495513
Figurehead Brewing Company,,brewpub,4001 21St Ave W Unit B,Seattle,98199,King,47.655754,-122.383509,2016,1,1,1,0,https://untappd.com/FigureheadBrewingCompany
Fired Up Brewing,,Micro,1235 Main St,Colville,99114,Stevens,48.5325833,-117.90358,2020,0,0,1,0,https://untappd.com/w/fired-up-brewing/385634
Five Dollar Ranch Brewing Company,,micro,1570 Beet Road,Walla Walla,99362,Walla Walla,46.00330493,-118.4184413,1999,1,0,1,0,https://untappd.com/FiveDollarRanchBrewing
Five Dons Brewing,,micro,1158 11th Ave,Longview,98632,Cowlitz,46.13417992,-122.9326287,2014,0,0,0,0,https://untappd.com/FiveDonsBrewing
Floodland Brewing,,brewpub,3806 Woodland Park Ave North Suite 100,Seattle,98103,King,47.65298328,-122.3434898,2018,0,1,1,0,https://untappd.com/w/floodland-brewing/379455
Flyers Restaurant and Brewery,,micro,32295 State Route 20,Oak Harbor,98277,Island,48.29909489,-122.6522856,2005,0,1,1,0,https://untappd.com/w/flyers-restaurant-and-brewery/538
Flying Bike Cooperative Brewery,,micro,8570 Greenwood Ave N,Seattle,98103,King,47.69127653,-122.355187,2015,1,0,0,0,https://untappd.com/FlyingBikeCoop
Flying Lion Brewing,,micro,5041 Rainier Ave S,Seattle,98118,King,47.55599035,-122.2842825,2014,1,1,1,0,https://untappd.com/Flying_Lion_Brewing
Foggy Noggin Brewing,,micro,22329 5rd Avenue Se,Bothell,98021,Snohomish,47.794526,-122.16108,2010,1,1,1,0,https://untappd.com/foggynogginbrewing
For the Love of God Brewing,,micro,2617 W Northwest Blvd,Spokane,99205,Spokane,47.685429,-117.4497909,2020,0,0,1,0,https://untappd.com/ForTheLoveOfGodBrewing
Formula Brewing,,micro,1875 NW Poplar Way,Issaquah,98027,King,47.549578,-122.066248,2020,1,0,1,0,https://untappd.com/Formula_Brewing
Fortside Brewing Company,,micro,2200 NE Andresen #B,Vancouver,98661,Clark,45.63847877,-122.6010678,2014,1,1,1,0,https://untappd.com/FortsideBrewing
Forward Operating Base Brewing Company,,brewpub,2750 Williamson Place NW #100,Dupont,98327,Pierce,47.1077533,-122.62308,2017,0,1,1,0,https://untappd.com/FOBBrewingCo
Fountain Brewing,,micro,2416 Meridian St,Bellingham,98225,Whatcom,48.7625531,-122.4858536,2023,0,0,0,0,https://untappd.com/FountainBrewing
Four Generals Brewing,,micro,229 Wells Ave S,Renton,98057,King,47.4801424,-122.205586,2016,1,1,1,0,https://untappd.com/Four_Generals_Brewing
Four Horsemen Brewery,,micro,30221 148th Ave Se,Kent,98042,King,47.3309245,-122.14497,2016,0,1,0,0,https://untappd.com/FourHorsemenBrewery
Four-Eyed Guys Brewing Company,,regional,910 W Indiana Ave,Spokane,99205,Spokane,47.67501697,-117.425459,2021,0,0,0,0,https://untappd.com/w/four-eyed-guys-brewing/325691
Fremont Brewing Company,,micro,3409 Woodland Pk Ave N,Seattle,98103,King,47.64889041,-122.3441613,2009,1,1,1,0,https://untappd.com/fremontbrewing
Fringe Brewing,,micro,5640 3rd Ave,Ferndale,98248,Whatcom,48.846042,-122.59303,2019,1,0,1,0,https://untappd.com/FrinGeBrewing
Future Primitive Brewing,,micro,9832 14th Ave Sw,Seattle,98106,King,47.51429325,-122.352378,2018,1,0,1,0,https://untappd.com/w/future-primitive-brewing/415188
Gallaghers Where U Brew,,micro,180 W Dayton St Suite #105,Edmonds,98020,Snohomish,47.8089416,-122.3867089,2005,0,0,0,0,https://untappd.com/w/gallaghers-where-u-brew/7847
Garden Path Fermentation,,micro,11653 Higgins Airport Way,Burlington,98233,Skagit,48.4764227,-122.41778,2018,1,0,1,0,https://untappd.com/GardenPathFermentation
Garland Brew Werks,,brewpub,603 W Garland Ave,Spokane,99205,Spokane,47.693348,-117.42031,2020,0,0,0,0,https://untappd.com/GarlandBrewWerks
Geaux Brewing,,micro,425 E Main St,Auburn,98002,King,47.3082013,-122.2232925,2013,0,1,1,0,https://untappd.com/GeauxBrewing
Genus Brewing,,regional,14109 E Sprague Ave #8,Spokane Valley,99216,Spokane,47.69331222,-117.4203837,2013,0,1,1,0,https://untappd.com/GenusBrewingCo
Georgetown Brewing Company,,micro,5200 Denver Ave S,Seattle,98108,King,47.55525135,-122.3255385,2003,1,1,1,0,https://untappd.com/gtb
Ghost Runners Brewery,,micro,4216 NE Minnehaha St #108,Vancouver,98661,Clark,45.668467,-122.628189,2012,0,1,0,0,https://untappd.com/GhostRunners
Ghostfish Brewing Company,,micro,2942 1St Ave S,Seattle,98134,King,47.57733551,-122.3340811,2015,1,1,1,0,https://untappd.com/GhostfishBrewingCompany
Gig Harbor Brewing,Tacoma,taproom,3120 S Tacoma Way,Tacoma,98409,Pierce,47.22806016,-122.4772681,2015,0,1,1,0,https://untappd.com/GigHarborBrewing
Gig Harbor Brewing,Gig Harbor,taproom,3155 Harborview Dr,Gig Harbor,98335,Pierce,47.32976288,-122.5813254,2015,0,1,1,0,https://untappd.com/GigHarborBrewing
Golden Handle Brewing Company,,micro,111 S Cedar St,Spokane,99201,Spokane,47.65622004,-117.4323539,2022,0,0,1,1,https://untappd.com/GoldenHandleProject
Good Brewing Company,,brewpub,5817 238th St SE #3,Woodinville,98072,King,47.78256587,-122.1547295,2017,0,1,1,0,https://untappd.com/GBC2017
Grains Of Wrath Brewing,,micro,425 NW Birch Street,Camas,98607,Clark,45.5856554,-122.4056,2018,1,0,1,0,https://untappd.com/GrainsOfWrath
Gruff Brewing Company,,micro,104 E Maple St #101,Bellingham,98225,Whatcom,48.74755229,-122.4821137,2015,0,1,1,0,https://untappd.com/GruffBrewingCompany
Halcyon Brewing,,micro,8564 Greenwood Ave N,Seattle,98103,King,47.69122874,-122.3551865,2022,1,0,1,0,https://untappd.com/HalcyonBrewingCo
Hale's Ales,,micro,4301 Leary Wy NW,Seattle,98107,King,47.659292,-122.3657039,1983,0,0,0,1,https://untappd.com/HalesAlesBrewery
Half Lion Brewing Company,,micro,1723 W Valley Hwy E Suite 101,Sumner,98390,Pierce,47.241157,-122.255376,2016,1,1,1,1,https://untappd.com/HalfLion
Haywire Brewing Company,,micro,12125 Treosti Rd,Snohomish,98290,Snohomish,47.91234558,-122.0900696,2017,0,1,0,0,https://untappd.com/HaywireBrewing
Headless Mumby Brewing Company,,micro,232 Division Street Northwest,Olympia,98502,Thurston,47.04650843,-122.9257366,2021,1,0,1,0,https://untappd.com/HeadlessMumbyBrewingCo
Headworks Brewing,,micro,1110 Marshall Ave,Enumclaw,98022,King,47.2045135,-121.9878259,2021,0,0,0,0,https://untappd.com/HeadworksBrewing
Heathen Brewing,Salmon Creek,micro,5612 NE 119th St,Vancouver,98686,Clark,45.7087312,-122.6136273,2012,1,0,1,0,https://untappd.com/HeathenBrewing
Heathen Brewing,Downton Vancouver,micro,1109 Washington Street,Vancouver,98660,Clark,45.6300071,-122.6723551,2012,1,0,1,0,https://untappd.com/HeathenBrewing
Hellbent Brewing Company,,micro,13035 Lake City Way Ne,Seattle,98125,King,47.72321374,-122.2931793,2015,1,1,1,0,https://untappd.com/HellbentBrewingCompany
Hemlock State Brewing Company,,contract brewer,23601 56th Ave W Suite 400,Mountlake Terrace,98043,Snohomish,47.784669,-122.30831,2016,1,1,1,0,https://untappd.com/Hemlock_State
Here Today Brewery and Kitchen,,micro,2815 Elliott Ave Suite 101,Seattle,98121,King,47.61486702,-122.3537311,2022,1,0,1,0,https://untappd.com/HereTodaySeattle_
Hideaway Brewing Company,,micro,18731 SE 314th St,Aurbun,98092,Kig,47.3208496,-122.176449,2014,0,1,1,1,https://untappd.com/HideawayBrewingCompany
High Steel Beer Company,,micro,233 S 1St St,Shelton,98584,Mason,47.21170988,-123.100443,1999,1,0,1,0,https://untappd.com/HighSteelBeerCo
Hildegard Ferments and Botanicals,,micro,1150 NW 46th St,Seattle,98107,King,47.6627151,-122.3718421,2023,1,0,0,0,https://untappd.com/HildegardFermentsBotanicals
Hoh River Brewery,,micro,2442 Mottman Rd Sw,Tumwater,98512,Thurston,47.0254333,-122.935464,2014,0,1,1,0,https://untappd.com/HohRiverBrewery
Holy Mountain Brewing Company,,brewpub,1421 Elliott Ave W,Seattle,98119,King,47.630821,-122.3740032,2014,0,1,1,0,https://untappd.com/HolyMountainBrewing
Hood Canal Brewery,,micro,26499 Bond Rd Ne,Kingston,98346,Kitsap,47.8038314,-122.5731593,1996,0,1,1,0,https://untappd.com/w/hood-canal-brewery/8254
Hop Chaos Brewing Company,,micro,10115 N Newport Hwy Suite A,Spokane,99218,Spokane,47.74870553,-117.4034444,2022,0,0,1,0,https://untappd.com/HopChaosBrewingCompany
Hops and Seed Brewing Company,,micro,9206 200th St SE Suite C-5,Snohomish,98290,Snohomish,47.7640209,-122.14992,2022,0,0,1,0,https://untappd.com/HopsAndSeedBrewery
Hopworks Urban Brewery,,micro,17707 SE Mill Plain Blvd,Vancouver,98683,Clark,45.61700233,-122.4953194,2007,0,1,0,0,https://untappd.com/HopworksBeer
Hoquiam Brewing Company,,micro,526 8th Street,Hoquiam,98550,Grays Harbor,46.97562514,-123.8861778,2018,0,1,1,0,https://untappd.com/HoquiamBrewing
Horse Heaven Hills Brewery,,micro,1118 Meade Ave,Prosser,99350,Benton,46.20447179,-119.7706356,2009,0,1,1,0,https://untappd.com/w/horse-heaven-hills-brewery/7268
Humble Abode Brewing,,brewpub,1620 E Houston Ave,Spokane,99217,Spokane,47.7167163,-117.3866532,2019,1,0,1,0,https://untappd.com/HumbleAbodeBrewing
Ice Harbor Brewing Company,downtown Kennewick,brewpub,10 E. Bruneau Avenue,Kennewick,99336,Benton,46.2109818,-119.1198261,1996,1,1,1,0,https://untappd.com/IceHarborBrewingCo
Ice Harbor Brewing Company,Clover Island,brewpub,350 Colver Island Dr,Kennewick,99336,Benton,46.21712032,-119.1112762,1996,1,1,1,0,https://untappd.com/IceHarborBrewingCo
Icicle Brewing Company,,brewpub,935 Front St,Leavenworth,98826,Chelan,47.59620095,-120.6596561,2011,1,1,1,0,https://untappd.com/iciclebrewing
Iconic Brewing,,micro,2470 Henderson Loop,Richland,99354,Benton,46.32272295,-119.3050306,1996,0,0,1,0,https://untappd.com/w/iconic-brewing/509207
In The Shadow Brewing,,micro,19731 Old Burn Rd,Arlington,98223,Snohomish,48.175899,-122.11277,2015,1,0,1,0,https://untappd.com/IN_The_Shadow_Brewing
Inland Ale Works,,brewpub,505 1St St,Cheney,99004,Spokane,47.48762901,-117.5748795,2018,0,0,1,0,https://untappd.com/InlandAleWorks
Iron Goat Brewing,,regional,1302 W 2nd Ave,Spokane,99201,Spokane,47.65452677,-117.4312846,2012,1,1,1,0,https://untappd.com/irongoatbrewing
Iron Horse Brewery,,micro,1000 Prospect St Suite 4,Ellensburg,98926,Kittitas,46.999581,-120.564737,2005,1,1,1,0,https://untappd.com/ironhorsebrewery
Irrelevant Beer,,micro,110 E 17th St,Vancouver,98660,Clark,45.6343758,-122.6711705,2023,0,0,0,0,https://untappd.com/IrrelevantBeer
Island Hoppin' Brewery,,micro,33 Hope Lane,Eastsound,98245,San Juan,48.70268029,-122.9152528,2011,1,1,1,0,https://untappd.com/IslandHoppinBrewery
Jellyfish Brewing Company,,micro,917 South Nebraska Street,Seattle,98108,King,47.54894045,-122.3202516,2017,1,1,1,0,https://untappd.com/Jellyfish_Brewing_Company
Jones Creek Brewing,,micro,173 Beam Rd,Chehalis,98532,Lewis,46.58829204,-123.2784835,1996,0,1,1,0,https://untappd.com/JonesCreek
Kulshan Brewing Company,Sunnyland Taproom,micro,2238 James Street,Bellingham,98225,Whatcom,48.75961551,-122.4647934,2012,1,1,1,0,https://untappd.com/KulshanBrewingCompany
Kulshan Brewing Company,Roosevelt (K2) Taproom,seasonal,1538 Kentucky Street,Bellingham,98225,Whatcom,48.7573938,-122.4536078,2012,1,1,1,0,https://untappd.com/KulshanBrewingCompany
Kulshan Brewing Company,downtown Bellingham waterfront,brewpub,298 W Laurel St,Bellingham,98225,Whatcom,48.7477082,-122.4850955,2012,1,1,1,0,https://untappd.com/KulshanBrewingCompany
La Conner Brewing Company,,planning,117 S First Box 397,La Conner,98257,Skagit,48.3917559,-122.49585,2002,0,0,0,0,https://untappd.com/LaConnerBrewingCompany
Ladd and Lass Brewing,,brewpub,722 NE 45th St,Seattle,98105,King,47.66139833,-122.3204876,2022,1,0,1,0,https://untappd.com/LaddandLassBrewing
Laht Neppur Brewing Company,,micro,444 Preston Ave,Waitsburg,99361,Walla Walla,46.270044,-118.148769,2006,0,1,1,0,https://untappd.com/LahtNeppurBrewing
Lake Chelan Brewery,,micro,50 Wapato Way,Manson,98831,Chelan,47.8852911,-120.1590444,2013,0,0,0,0,https://untappd.com/w/lake-chelan-brewing-company/37187
Lake Stevens Brewing Company,,micro,2010 Grade Rd,Lake Stevens,98258,Snohomish,48.01611239,-122.0632558,2012,1,1,1,0,https://untappd.com/Lake_Stevens_Brewing_Company
Lantern Brewing,,micro,938 N 95th Street,Seattle,98103,King,47.69789685,-122.346672,2011,0,1,1,0,https://untappd.com/LanternBrewing
Larrabee Lager Company,,micro,4151 Guide Meridian Rd #100,Bellingham,98226,Whatcom,48.79191656,-122.4905122,2023,1,0,0,0,https://untappd.com/w/larrabee-lager-company/546009
Lazy Boy Brewing,,taproom,715 100th St SE Suite A-1,Everett,98208,Snohomish,47.90816039,-122.2209379,2006,0,1,1,0,https://untappd.com/lazyboybrewing
Logan Brewing Company,,micro,510 SW 151St St,Burien,98166,King,47.4678566,-122.3409856,2021,1,0,1,0,https://untappd.com/LoganBrewingCompany
Loowit Brewing Company,,micro,507 Columbia Street,Vancouver,98660,Clark,45.6252334,-122.6736359,2012,1,1,1,0,https://untappd.com/LoowitBrewing
Lopez Island Brewing Company,,taproom,135 Lopez Road Suite B,Lopez Island,98261,San Juan,48.5227099,-122.9132288,2016,1,1,1,0,https://untappd.com/LopezIslandBrewingCompany
Lost Woods Brewery,,micro,28002 WA-410 suite 2,Buckley,98321,Pierce,47.15975658,-122.0559237,2017,0,1,1,0,https://untappd.com/LostWoodsBrewery
Lovecraft Brewing Company,,brewpub,275 5th Street Suite 101,Bremerton,98337,Kitsap,47.56640891,-122.6257846,2016,0,1,1,0,https://untappd.com/LoveCraftBrewingCompany
Lowercase Brewing,,micro,6235 Airport Way S,Seattle,98108,King,47.547723,-122.3146203,2014,1,1,1,0,https://untappd.com/Lowercasebeer
Lucky Envelope Brewing,,micro,907 NW 50th Street,Seattle,98107,King,47.66495806,-122.3688462,2015,1,1,0,0,https://untappd.com/LuckyEnvelopeBrewing
Lumber House Brewery,,micro,21830 284th Ave SE,Maple Valley,98038,King,47.32607774,-122.0103551,2015,0,1,1,0,https://untappd.com/LumberHouseBrewery
Lumberbeard Brewing,,regional,25 E 3rd Ave,Spokane,99202,Spokane,47.653684,-117.41007,2020,1,0,1,0,https://untappd.com/LumberbeardBrewing
Mac and Jack's Brewing Company,,micro,17825 NE 65th St,Redmond,98052,King,47.66369585,-122.102815,1993,1,1,1,0,https://untappd.com/MacJacksBrewingCompany
Machine House Brewery,,taproom,5718 Rainier Ave S,Seattle,98118,King,47.5507121,-122.277164,2013,1,1,1,0,https://untappd.com/MachineHouseBrewery
Maelstrom Brewing Company,,brewpub,11014 120th Ave Ne,Kirkland,98033,King,47.69913819,-122.1809653,2017,0,1,0,0,https://untappd.com/MaelstromBrewing
Magnuson Cafe and Brewery,,micro,7801 62nd Ave Ne,Seattle,98115,King,47.6881653,-122.2649134,2018,1,0,1,0,https://untappd.com/MagnusonCafeBrewery
Maritime Pacific Brewing Company,,brewpub,1111 NW Ballard Way,Seattle,98107,King,47.66284715,-122.371031,1990,1,1,0,0,https://untappd.com/MaritimePacificBrewingCompany
Masters Brewhouse,,micro,831 S Main St,Deer Park,99006,Spokane,47.945254,-117.4751514,2020,0,0,0,0,https://untappd.com/w/masters-brewhouse/420247
Matchless Brewing,,brewpub,8036 River Dr SE #208,Tumwater,98501,Thurston,46.9708364,-122.88502,2016,1,1,0,0,https://untappd.com/MatchlessBrewing
McMenamins Anderson School Brewery,,brewpub,18607 Bothell Way NE,Bothell,98011,King,47.76388,-122.2080688,1983,1,0,0,0,https://untappd.com/McMenamins
McMenamins East Vancouver Brewery,,brewpub,1900B NE 162nd Ave Ste B107,Vancouver,98684,Clark,45.63673,-122.50778,1983,1,0,0,0,https://untappd.com/McMenamins
McMenamins Elks Temple,,brewpub,565 Broadway,Tacoma,98402,Pierce,47.25926,-122.4420142,1983,1,0,0,0,https://untappd.com/McMenamins
McMenamins Kalama Harbor Lodge,,brewpub,215 N Hendrickson Dr,Kalama,98625,Cowlitz,46.01724,-122.8511351,1983,1,0,0,0,https://untappd.com/McMenamins
McMenamins Mill Creek Brewery,,brewpub,13300 Bothell Everett Hwy Ste 304,Mill Creek,98012,Snohomish,47.87784,-122.2083569,1983,1,0,0,0,https://untappd.com/McMenamins
McMenamins Olympic Club Brewery,,brewpub,112 N Tower Ave,Centralia,98531,Lewis,46.71642,-122.9541121,1983,1,0,0,0,https://untappd.com/McMenamins
McMenamins On the Columbia Brewery,,brewpub,1801 SE Columbia River Dr,Vancouver,98661,Clark,45.61545,-122.6530699,1983,1,0,0,0,https://untappd.com/McMenamins
McMenamins Queen Anne Brewery,,brewpub,200 Roy St Ste 105,Seattle,98109,King,47.62552,-122.352602,1983,1,0,0,0,https://untappd.com/McMenamins
McMenamins Six Arms Brewery,,brewpub,300 E Pike St,Seattle,98122,King,47.61416,-122.3276777,1983,1,0,0,0,https://untappd.com/McMenamins
McMenamins Spar Cafe Brewery,,micro,114 4th Ave E,Olympia,98501,Thurston,47.045,-122.9013738,1983,1,0,0,0,https://untappd.com/McMenamins
Meatheads Smokehouse and Beer Works,,taproom,8928 Vernon Rd,Lake Stevens,98258,Snohomish,48.00222135,-122.1098734,2021,0,0,1,1,https://untappd.com/Meatheads21
Menace Brewing,,taproom,2529 Meridian Street,Bellingham,98225,Whatcom,48.76355086,-122.4862211,2013,0,1,1,0,https://untappd.com/MenaceBrewing
Métier Brewing Company,,brewpub,14125 NE 189th St Suite B,Woodinville,98072,King,47.76422298,-122.1515601,2016,1,0,1,0,https://untappd.com/MetierBrewing
Middleton Brewing,,brewpub,607 Southeast Everett Mall Way,Everett,98208,Snohomish,47.91059997,-122.2248042,2013,0,1,1,0,https://untappd.com/MiddletonBrewingWA
Milepost 111 Brewing Company,,micro,407 Aplets Way,Cashmere,98815,Chelan,47.524234,-120.470178,2013,0,1,1,0,https://untappd.com/milepostbeer
Mirage Beer Company,,taproom,927 S Homer St,Seattle,98108,King,47.550523,-122.3191768,2017,0,1,0,0,https://untappd.com/MirageBeerCo
Monka Brewing Company,,taproom,17211 15th Ave Ne,Shoreline,98155,King,47.75412478,-122.3135273,2018,0,0,1,0,https://untappd.com/MonkaBrewey
Moonshot Brewing,,brewpub,8804 W Victoria Ave Ste 140,Kennewick,99336,Benton,46.228777,-119.240958,2019,1,0,0,0,https://untappd.com/Moonshot_Brewing
Mother Fern Brewing,,brewpub,610 Pacific Ave,Tacoma,98402,Pierce,47.25791576,-122.440158,2021,0,0,1,1,https://untappd.com/MotherFernBrewing
Mount Olympus Brewing,,taproom,105 W Heron St,Aberdeen,98520,Grays Harbor,46.97327712,-123.8171792,2018,0,0,1,0,https://untappd.com/MountOlympusBrewing
Mountain Lakes Brewing Company,,taproom,105 W Heron St,Spokane,99201,Spokane,47.657891,-117.413453,2018,1,0,0,0,https://untappd.com/MountainLakesBrewCo
Mule and Elk Brewing Company,,micro,418 E 1st St Suite 5,Cle Elum,98922,Kittitas,47.19383354,-120.9322128,2016,0,1,1,0,https://untappd.com/MuleElkBrewingCo
Narrows Brewing Company,,brewpub,9007 S 19th Street,Tacoma,98466,Pierce,47.24346569,-122.5564963,2013,1,1,1,0,https://untappd.com/NarrowsBrewing
Natural 20 Brewing Company,,micro,15310 E Marietta Ave Ste 4,Spokane Valley,99216,Spokane,47.680793,-117.198498,2022,0,0,1,0,https://untappd.com/Natural20BrewingCo
No Boat Brewing Company,,taproom,35214 SE Center Street #2,Snoqualmie,98065,King,47.5285744,-121.8707445,2016,1,1,0,0,https://untappd.com/NoBoatBrewingCompany
No Drought Brewing Company,,regional,10604 E 16th Ave,Spokane Valley,99206,Spokane,47.64233504,-117.2626058,2022,0,0,1,0,https://untappd.com/NoDroughtBrewingCo
No-Li Brewhouse,,taproom,1003 E Trent Box 2 Suite 180,Spokane,99202,Spokane,47.662698,-117.39419,2003,1,1,1,0,https://untappd.com/NoLiBrewhouse
North 47 Brewing Company,,brewpub,1000 Town Ctr NE #160,Tacoma,98422,Pierce,47.30098342,-122.4354485,2015,0,1,1,0,https://untappd.com/North47BrewingCo
North Fork Brewery,,taproom,6186 Mount Baker Hwy,Deming,98244,Whatcom,48.89023277,-122.1515053,1997,1,0,1,0,https://untappd.com/TheNorthForkBrewery
North Jetty Brewing,,taproom,4200 Pacific Way,Seaview,98017,King,46.33317158,-124.0546726,2014,1,1,1,0,https://untappd.com/NorthJettyBrewing
North Sound Brewing Company,,brewpub,17406 Washington 536,Mount Vernon,98273,Skagit,48.431553,-122.3702,2010,1,1,0,0,https://untappd.com/NorthSoundBrewingCompany
Northern Ales,,brewpub,325 W 3rd Ave,Kettle Falls,99141,Stevens,48.61016972,-118.059909,2014,0,1,1,1,https://untappd.com/NorthernAles
Northwest Brewing Company,,micro,610 Pacific Ave,Tacoma,98402,King,47.25788663,-122.4401044,2007,0,0,0,0,https://untappd.com/NorthwestBrewingCompany
Northwest Passage Craft Brewery,,taproom,605 Esther St,Vancouver,98660,Clark,45.62821741,-122.6727549,2017,0,1,0,0,https://untappd.com/NorthwestPassageCraftBrewery
Northwest Peaks Brewery,,brewpub,5718 Rainier Ave S,Seattle,98118,King,47.55099284,-122.2774345,2011,0,1,1,1,https://untappd.com/nwpeaksbrewery
Northwood Public House and Brewery,,micro,1401 SE Rasmussen Blvd #101,Battleground,98604,Clark,45.775079,-122.523019,2014,0,1,1,0,https://untappd.com/LittleDipperBrewingCompany
Nun Chuck's Brewing Company,,taproom,18609 76th Ave W C,Lynnwood,98037,Snohomish,47.82961976,-122.3372621,2006,0,0,1,0,https://untappd.com/w/nun-chucks-brewing-company/475764
Obec Brewing,,micro,1144 NW 52nd Street,Seattle,98107,King,47.6666932,-122.3725339,2017,1,1,1,0,https://untappd.com/ObecBrewing
Odd Otter Brewing Company,,micro,716 Pacific Ave,Tacoma,98402,Pierce,47.25677,-122.439519,2014,0,1,1,0,https://untappd.com/OddOtter
Odin Brewing Company,,taproom,402 Baker Blvd,Tukwila,98188,King,47.45871185,-122.2520593,2009,0,1,1,1,https://untappd.com/OdinBrewing
Off Camber Brewing,,taproom,6506 114th Ave Ct E,Puyallup,98372,Pierce,47.19825258,-122.2773277,2017,0,1,1,0,https://untappd.com/JamesTheBrewer
Ogres Brewing,,brewpub,7693 Cultus Bay Rd,Clinton,98236,Island,47.93163176,-122.389573,2019,1,1,1,0,https://untappd.com/w/ogres-brewing/261870
Old Schoolhouse Brewery,,brewpub,155 Riverside Dr Box 112,Winthrop,98862,Okanogan,48.4782175,-120.18652,1993,1,1,1,0,https://untappd.com/OldSchoolhouseBrewery
Old Stove Brewing Company,,taproom,1901 Western Avenue Suite A,Seattle,98101,King,47.61002,-122.343413,2016,1,1,1,0,https://untappd.com/w/old-stove-brewing-co/246787
Optimism Brewing Company,,brewpub,1158 Broadway,Seattle,98122,King,47.61280703,-122.3205273,2015,0,1,1,1,https://untappd.com/OptimismBrewing
Otherlands Beer,,taproom,2121 Humboldt St,Bellingham,98225,Whatcom,48.75847585,-122.4681985,2021,0,0,1,0,https://untappd.com/OtherlandsBeer
Outer Planet Craft Brewing,,brewpub,1812 12th Avenue Suite 100,Seattle,98122,King,47.61783778,-122.3167738,2015,1,1,1,0,https://untappd.com/OuterPlanetBrewing
Outlander Brewery and Pub,,brewpub,225 N 36th St,Seattle,98103,King,47.652371,-122.355414,2012,0,1,1,0,https://untappd.com/OutlanderBrewing
Packwood Brewing Company,,nano,12298 US-12,Packwood,98361,Lewis,46.60570825,-121.6712647,2022,0,0,0,0,https://untappd.com/w/packwood-brewing-co/405350
Paddle Brewing Company,,brewpub,23021 SE 58th St,Issaquah,98029,King,47.550431,-122.032156,2019,0,0,0,1,https://untappd.com/PaddleBrewingCompany
Paper Street Brewing Company,,taproom,241 Fanning Rd,Pasco,99301,Franklin,46.309907,-119.214113,2016,0,1,1,0,https://untappd.com/PaperStreetBrewingCo
Paradise Creek Brewery,Downtown Restaurant,taproom,245 SE Paradise St,Pullman,99163,Whitman,46.72873725,-117.1803011,2010,1,1,1,0,https://untappd.com/paradisecreek
Paradise Creek Brewery,Trailside Taproom,micro,505 SE Riverside St,Pullman,99163,Whitman,46.72593287,-117.169861,2010,1,1,1,0,https://untappd.com/paradisecreek
Paramour Brewing Company,,brewpub,6520 S Waneta Rd,Spokane,99223,Spokane,47.59421849,-117.3564973,2021,0,0,1,0,https://untappd.com/w/paramour-brewing/457368
Parker's Steakhouse and Brewery,,brewpub,1300 Mount Saint Helens Way Ne,Castle Rock,98611,Cowlitz,46.28728,-122.898885,2013,0,0,0,0,https://untappd.com/w/parker-s-steakhouse-brewery/44535
Pastime Brewery,,taproom,1307 Main St,Oroville,98844,Okanogan,48.93758103,-119.4363202,2020,0,1,1,0,https://untappd.com/w/past-time-brewing/107617
Peace of Mind Brewing,,micro,18411 Hwy 99,Lynnwood,98037,Snohomish,47.83174875,-122.3058165,2023,1,0,1,0,https://untappd.com/Peace_Of_Mind_Brewing
Peddler Brewing Company,,brewpub,1514 NW Leary Way,Seattle,98107,King,47.66387586,-122.3771003,2013,0,0,0,0,https://untappd.com/PeddlerBrewing
Penn Cove Brewing Company,,micro,103 S Main St,Coupeville,98239,Island,48.2109786,-122.685896,2015,0,0,0,1,https://untappd.com/PennCoveBrewingCo
Perfect Circle Brewing,,brewpub,713 6th Street,Prosser,99350,Benton,46.20462657,-119.7691094,2021,0,0,1,0,https://untappd.com/PerfectCircleBrewing
Perihelion Brewery,,brewpub,2800 16th Ave S,Seattle,98144,King,47.578506,-122.311929,2016,1,1,0,0,https://untappd.com/Perihelion-Brewery
Perry Street Brewing,,micro,1025 S Perry St,Spokane,99202,Spokane,47.64604873,-117.3898042,2014,1,0,1,0,https://untappd.com/w/perry-street-brewing/115199
Pike Brewing Company,,micro,1415 1st Ave,Seattle,98101,King,47.608001,-122.3394073,1989,1,1,0,0,https://untappd.com/pikebrewing
Port Townsend Brewing Company,,micro,330 10th St Suite C,Port Townsend,98368,Jefferson,48.1074022,-122.7809758,2001,0,1,1,0,https://untappd.com/porttownsendbrewing
Postdoc Brewing,,taproom,17625 NE 65th St #100,Redmond,98052,King,47.66392308,-122.1050753,2014,1,1,1,0,https://untappd.com/PostdocBrewingCompany
Potlatch Brewing Company,,brewpub,24180 US-101,Hoodsport,98548,Mason,47.40491678,-123.141186,2021,0,0,1,0,https://untappd.com/w/potlatch-brewing/500440
Powerhouse Restaurant and Brewery,,nano,454 E Main,Puyallup,98372,Pierce,47.19158631,-122.2879828,2005,1,1,1,0,https://untappd.com/PowerhouseRestaurantBrewery
Precious Things Fermentation Project,,taproom,8403 N Bruce Rd,Spokane,99217,Spokane,47.73390559,-117.2865852,2018,1,0,1,0,https://untappd.com/Preciousthingsbeer
Project 9 Brewing,,taproom,1409 NE 80th St,Seattle,98115,King,47.6864758,-122.3130665,2023,0,0,0,0,https://untappd.com/project9brewing
Propolis Brewing,,taproom,2457 Jefferson St,Port Townsend,98368,Jefferson,48.1086174,-122.773463,2013,0,1,1,0,https://untappd.com/PropolisBrewing
Quartzite Brewing Company,,taproom,105 W Main St,Chewelah,99109,Stevens,48.27595137,-117.7169469,2016,1,1,1,0,https://untappd.com/QuartziteBrewingCompany
Quirk Brewing,,taproom,425 B St,Walla Walla,99362,Walla Walla,46.0901597,-118.27695,2016,0,1,1,0,https://untappd.com/QuirkBrewing
Rail Hop'n Brewing Company,,brewpub,122 West Main Street Suite 101 B,Auburn,98001,King,47.3071471,-122.2315213,2017,0,1,1,0,https://untappd.com/RailHopnBrewingCompany
Railside Brewing,,micro,309 NE 76th St,Vancouver,98665,Clark,45.6768255,-122.66818,2012,0,1,1,0,https://untappd.com/RailSideBrewing
Rainy Daze Brewing,,brewpub,650 NW Bovela Ln #3,Poulsbo,98370,Kitsap,47.73971613,-122.6578393,2012,0,1,1,0,https://untappd.com/RainyDazeBrewing
RAM Restaurant and Brewery,,brewpub,10520 Quil Ceda Blvd,Tulalip,98271,Snohomish,48.0920236,-122.18619,1971,1,1,1,0,https://untappd.com/theRAM
RAM Restaurant and Brewery,,brewpub,3001 N Ruston Way,Tacoma,98403,Pierce,47.27964127,-122.4747009,1971,1,1,1,0,https://untappd.com/theRAM
RAM Restaurant and Brewery,,brewpub,103 35th Ave Se,Puyallup,98374,Pierce,47.15857171,-122.292781,1971,1,1,1,0,https://untappd.com/theRAM
RAM Restaurant and Brewery,,brewpub,10019 59th Ave Sw,Lakewood,98499,Pierce,47.16646601,-122.5154303,1971,1,1,1,0,https://untappd.com/theRAM
RAM Restaurant and Brewery,,brewpub,9020 Market Pl,Lake Stevens,98258,Snohomish,47.99798107,-122.1101016,1971,1,1,1,0,https://untappd.com/theRAM
RAM Restaurant and Brewery,,brewpub,8100 Freedom Lane Ne,Lacey,98516,Thurston,47.062162,-122.768971,1971,1,1,1,0,https://untappd.com/theRAM
RAM Restaurant and Brewery,,brewpub,512 Ramsay Way Ste 4-103,Kent,98032,King,47.3853319,-122.2349867,1971,1,1,1,0,https://untappd.com/theRAM
RAM Restaurant and Brewery,,brewpub,965 NE Park Drive,Issaquah,98029,King,47.542944,-122.017035,1971,1,1,1,0,https://untappd.com/theRAM
Rattlesnake Mountain Brewing Company,,taproom,2696 N Columbia Center Blvd,Richland,99352,Benton,46.237587,-119.221937,1999,0,1,1,0,https://untappd.com/w/rattlesnake-mountain-brewing-company/15572
Ravenna Brewing Company,,taproom,5408 26th Ave Ne,Seattle,98105,King,47.66814202,-122.2994354,2015,0,1,1,0,https://untappd.com/RavennaBrewingCo
Recluse Brewing,,regional,4035 Grant St Suite 102,Washougal,98671,Clark,45.56246607,-122.326347,2023,1,0,0,0,https://untappd.com/RecluseBrewWorks
Redhook Brewlab,,brewpub,714 E Pike St,Seattle,98122,King,47.61413993,-122.3230889,1982,0,0,0,0,https://untappd.com/Redhook
Remlinger Farm Brewery,,brewpub,32610 NE 32nd St,Carnation,98014,King,47.63908563,-121.9021766,2022,1,0,1,0,https://untappd.com/w/remlinger-brewing/521350
Republic Brewing Company,,brewpub,26 N Clark Ave,Republic,99166,Ferry,48.64801538,-118.737951,2011,1,1,1,0,https://untappd.com/RepublicBrewingCompany
Resonate Brewery and Pizzeria,,regional,5606 119th Ave Se,Bellevue,98006,King,47.5521229,-122.1776163,2015,1,1,1,0,https://untappd.com/ResonateBrewery
Reuben's Brews,Ballard Taproom,regional,5010 14th Ave Nw,Seattle,98107,King,47.66540226,-122.3733006,2012,1,1,1,0,https://untappd.com/ReubensBrews
Reuben's Brews,Production Brewery,micro,800 NW 46th St,Seattle,98107,King,47.6624119,-122.3665983,2012,1,1,1,0,https://untappd.com/ReubensBrews
Reuben's Brews,Barrel House,regional,1133 NW 51st St,Seattle,98107,King,47.66556004,-122.3722199,2012,1,1,1,0,https://untappd.com/ReubensBrews
Reuben's Brews,Fremont Taproom,brewpub,4401 Fremont Ave N,Seattle,98103,King,47.66034408,-122.35029,2012,1,1,1,0,https://untappd.com/ReubensBrews
Ridgefield Craft Brewing Company,,micro,120 N 3rd Ave,Ridgefield,98642,Clark,45.81593797,-122.7448428,2022,0,0,1,0,https://untappd.com/RidgefieldCraftBrewingCo
River City Brewing,,taproom,121 S Cedar St,Spokane,99201,Spokane,47.65601288,-117.4322061,2012,0,1,1,1,https://untappd.com/RiverCityBrewing
River Mile 38 Brewing Company,,brewpub,285 Third Street,Cathlamet,98612,Wahkiakum,46.20545555,-123.3855916,2014,0,1,1,0,https://untappd.com/Rivermile
River Time Brewing,,taproom,660 Emens Ave,Darrington,98241,Snohomish,48.24905292,-121.6020432,2014,1,1,0,0,https://untappd.com/River_Time_Brewing
Riverport Brewing Company,,micro,150 9th St,Clarkston,99403,Asotin,46.42640142,-117.0521262,2008,0,1,1,0,https://untappd.com/RiverportBrewingCompany
Rocky Coulee Brewing,,micro,205 N First St,Odessa,99159,Lincoln,47.3358965,-118.68838,2007,0,0,0,0,https://untappd.com/w/rocky-coulee-brewing-company/6856
Rooftop Brewing Company,,taproom,1220 W Nickerson St,Seattle,98119,King,47.65543327,-122.3725435,2013,1,1,1,0,https://untappd.com/RooftopBrewCo
Rose Garage Brewing and Taps,,taproom,613 S Whitman Ave,Rosalia,99170,Whitman,47.23413,-117.37,2020,0,0,1,0,https://untappd.com/w/rose-garage/475853
Roslyn Brewing Company,,brewpub,208 Pennsylvania Ave Box 24,Roslyn,98941,Kittitas,47.2220541,-120.9949,1990,0,1,1,0,https://untappd.com/w/roslyn-brewing-company/8120
SAAL Brewing Company,,brewpub,10209 270th St Nw,Stanwood,98292,Snohomish,48.24167216,-122.3708879,2019,1,0,1,0,https://untappd.com/SAALBrewingCompany
Saddle Rock Pub and Brewery,,taproom,25 N Wenatchee Ave,Wenatchee,98801,Chelan,47.42508078,-120.3116522,2011,0,1,1,0,https://untappd.com/SaddleRockPubBrewery
Sage Brewing Company,,brewpub,8425 Chapel Hill Blvd Ste B 102,Pasco,99301,Franklin,46.270331,-119.200383,2019,0,0,1,0,https://untappd.com/Sage_Brewing
Salish Sea Brewing Company,,brewpub,518 Dayton St,Edmonds,98020,Snohomish,47.80962938,-122.3769597,2013,0,1,1,0,https://untappd.com/SalishSeaBrewingCompany
Salish Sea Brewing Company,,brewpub,180 W Dayton St #102,Edmonds,98020,Snohomish,47.8089416,-122.3867089,2013,0,1,1,0,https://untappd.com/SalishSeaBrewingCompany
San Juan Island Brewing Company,,micro,410 A Street,Friday Harbor,98250,San Juan,48.53276441,-123.0150223,2018,1,1,1,0,https://untappd.com/SanJuanIslandBrewingCo
Savage Brewing Company,,micro,12815 NE 124th St I,Kirkland,98034,King,47.7102668,-122.1693396,2013,1,0,1,0,https://untappd.com/BrewingSavageCompany
Scamp Brewing Company,,micro,402 16th St NE #107,Auburn,98002,King,47.32172545,-122.224216,2017,1,1,1,0,https://untappd.com/ScampBrewingCompany
Scuttlebutt Brewing Company,,micro,3310 Cedar Street,Everett,98201,Snohomish,47.97388911,-122.1940768,1996,1,1,1,0,https://untappd.com/ScuttlebuttBrewingCompany
Scuttlebutt Brewing Company,,brewpub,1205 Craftsman Way,Everett,98201,Snohomish,48.000862,-122.217199,1996,1,1,1,0,https://untappd.com/ScuttlebuttBrewingCompany
Scythe Brewing Company,,micro,1217 3rd Avenue Suite 150,Longview,98632,Cowlitz,46.13381,-122.92371,2021,0,0,1,0,https://untappd.com/w/scythe-brewing-co/520668
Seapine Brewing Company,,taproom,2959 Utah Ave S,Seattle,98134,King,47.57723323,-122.335249,2012,0,1,1,0,https://untappd.com/SeapineBrewing
Selah Springs Brewing Company,,micro,310 S 1st St,Selah,98942,Yakima,46.64962306,-120.5313354,2023,0,0,0,0,https://untappd.com/w/selah-springs-brewing-co/522035
Shellback Brewing,,micro,6400 w 13th ct,Kennewick,99338,Benton,46.19705,-119.20829,2020,0,0,1,0,https://untappd.com/w/shellback-brewing/517182
Shorthead Brewing,,micro,123 E Yakima Ave Ste 110,Yakima,98901,Yakima,46.60277707,-120.504983,2023,0,0,0,0,https://untappd.com/ShortheadBrewing
Shoug Brewing Company,,brewpub,1311 SE Cliffside Dr,Washougal,98671,Clark,46.19705,-119.20829,2017,0,1,1,0,https://untappd.com/w/shoug-brewing-company/360746
Sig Brewing Company,,regional,2534 Tacoma Ave S,Tacoma,98402,Pierce,47.23791051,-122.4411779,2020,0,0,1,0,https://untappd.com/SigBrewingCompany
Silver City Brewery,,regional,2799 NW Myhre Rd,Silverdale,98383,Kitsap,47.659485,-122.687646,2010,1,1,1,0,https://untappd.com/SilverCityBrewery
Silver City Brewery,,micro,206 Katy Penman Ave,Bremerton,98312,Kitsap,47.5615655,-122.678,2010,1,1,1,0,https://untappd.com/SilverCityBrewery
Singing Hops Brewing Company,,taproom,4817 RURAL RD SW,Olympia,98512,Thurston,46.19705,-119.20829,2017,0,0,1,0,https://untappd.com/SingingHops
Single Hill Brewing Company,,micro,102 N Naches Ave,Yakima,98901,Yakima,46.60510315,-120.5004419,2018,1,0,1,0,https://untappd.com/SingleHillBrewing
Skagit River Brewing Company,,taproom,404 S Third St,Mount Vernon,98273,Skagit,48.419213,-122.33547,1999,1,0,0,0,https://untappd.com/SkagitRiverBrewery
Skep Brewing Company,,brewpub,723 N M St,Tacoma,98403,Pierce,47.2611966,-122.4615206,2019,0,0,1,0,https://untappd.com/SkepBrewing
Skookum Brewery,,brewpub,17925 59th Avenue Northeast,Arlington,98223,Snohomish,48.16310323,-122.1510524,2007,0,1,0,0,https://untappd.com/SkookumBrewery
Slippery Pig Brewing,,micro,18801 Front Street Ne,Poulsbo,98370,Kitsap,47.73353044,-122.6457393,2011,0,1,1,0,https://untappd.com/Slippery_Pig_Brewery
Sluggo Brewing,,taproom,409 E 26th St,Tacoma,98421,Pierce,47.23879176,-122.4288251,2015,0,1,0,0,https://untappd.com/w/sluggo-brewing/222565
Snapshot Brewing,,brewpub,8005 Greenwood Ave N,Seattle,98103,King,47.68708447,-122.355422,2020,0,0,1,0,https://untappd.com/SnapshotBrewing
Snipes Mountain Brewing,,micro,905 Yakima Valley Hwy Box 274,Sunnyside,98944,Yakima,46.3285926,-120.00832,2000,0,0,0,0,https://untappd.com/snipesmountain
Snoqualmie Falls Brewing Company,,taproom,8032 Falls Ave Se,Snoqualmie,98065,King,47.5286214,-121.8240977,1997,1,1,1,0,https://untappd.com/snoqualmiebrew
SnoTown Brewery,,brewpub,511 2nd St,Snohomish,98290,Snohomish,47.912584,-122.088239,2014,0,1,0,0,https://untappd.com/SnoTownBrewery
Snow Eater Brewing Company,,micro,2325 N Mckinzie Lane,Liberty Lake,99019,Spokane,47.6773601,-117.1000429,2022,1,0,1,0,https://untappd.com/SnowEaterBrewingCo
Sound To Summit Brewing,,brewpub,1830 Bickford Ave,Snohomish,98291,Snohomish,47.9344682,-122.1049977,2015,1,0,0,0,https://untappd.com/SoundToSummitBrewing
Spada Farmhouse Brewery,,micro,709 1St St,Snohomish,98291,Snohomish,47.910685,-122.0924265,2017,0,1,0,0,https://untappd.com/SpadaFarmhouseBrewery
Square Wheel Brewing Company,,micro,4705 N Fruit Hill Rd,Spokane,99217,Spokane,47.69830588,-117.2495435,2017,0,1,1,0,https://untappd.com/w/square-wheel-brewing-co/218439
Squirrel Fight Artisan Brewing,,brewpub,530 W Valley Rd Suite N,Moses Lake,98837,Grant,47.13851877,-119.2859409,2020,0,0,1,1,https://untappd.com/SquirrelFightArtisanBrewing
Standard Brewing,,micro,2504 S Jackson St,Seattle,98144,King,47.59934851,-122.2996633,2013,0,1,1,0,https://untappd.com/v/standard-brewing/627145
Steam Donkey Brewing Company,,brewpub,101 E Wishkah St,Aberdeen,98520,Grays Harbor,46.974244,-123.81773,2018,1,1,1,0,https://untappd.com/SteamDonkeyBrewingCompany
Steam Plant Brewing Company,,taproom,159 S Lincoln,Spokane,99201,Spokane,47.6551818,-117.42474,2013,0,0,0,0,https://untappd.com/SteamPlantBrewing
Stemma Brewing Company,,taproom,2039 Moore St,Bellingham,98225,Whatcom,48.7575961,-122.4610244,2019,1,0,1,0,https://untappd.com/StemmaBrewingCo
Stones Throw Brewery,,brewpub,1009 Larrabee Ave,Bellingham,98225,Whatcom,48.71859508,-122.5042858,2015,0,1,1,0,https://untappd.com/w/stones-throw-brewery/251779
Stormy Mountain Brewing,,micro,133 E Woodin Ave,Chelan,98816,Chelan,47.84002015,-120.0184827,2016,0,0,0,0,https://untappd.com/StormyMountainBrewing
Stoup Brewing,Ballard,taproom,1108 NW 52nd St,Seattle,98107,King,47.666659,-122.3712168,2013,1,1,1,0,https://untappd.com/StoupBrewing
Stoup Brewing,Capitol Hill,taproom,1158 Broadway,Seattle,98122,King,47.61279997,-122.3205542,2013,1,1,1,0,https://untappd.com/StoupBrewing
Stoup Brewing,,brewpub,6704 NE 181St St,Kenmore,98028,King,47.75963819,-122.2517308,2013,1,1,1,0,https://untappd.com/StoupBrewing
Structures Brewing,,micro,1420 N State St,Bellingham,98225,Whatcom,48.74961882,-122.4751162,2015,0,1,1,0,https://untappd.com/w/structures-brewing/238401
Sumerian Brewing Company,,taproom,15510 Woodinville Redmond Rd NE,Woodinville,98072,King,47.74,-122.153,2015,0,1,1,1,https://untappd.com/SumerianBrewery
Swinnerton Brewery,,micro,1809 8th St,Marysville,98270,Snohomish,48.0556186,-122.1707737,2016,0,1,1,0,https://untappd.com/w/swinnerton-brewery/208721
Tacoma Brewing Company,,brewpub,1116 Court E,Tacoma,98402,Pierce,47.25256333,-122.4437358,2012,0,1,0,0,https://untappd.com/TacomaBrewingCompany
Talking Cedar Brewery,,taproom,19770 Sargent Rd Sw,Rochester,98579,Thurston,46.8017008,-123.0157506,2020,1,0,1,0,https://untappd.com/TalkingCedarBrewing
Taneum Creek Brewing,,brewpub,811 Wa-970 #7,Cle Elum,98922,Kittitas,47.19379318,-120.9298215,2021,1,1,1,0,https://untappd.com/TaneumCreekBrewing
Temperate Habits Brewing Company,,brewpub,500 S 1St St,Mt Vernon,98273,Skagit,48.419287,-122.337759,2021,0,0,1,0,https://untappd.com/w/temperate-habits-brewing-company/477378
Ten Pin Brewing Company,,brewpub,1165 N Stratford Rd,Moses Lake,98837,Grant,47.14506241,-119.2781729,2013,1,1,1,0,https://untappd.com/TenPinBrewingCompany
Terramar Brewing and Distilling,,brewpub,5712 Gilkey Ave,Edison,98232,Skagit,48.5636192,-122.4438085,2021,1,0,1,0,https://untappd.com/TerramarBrewstillery
Best of Hands Barrelhouse,,brewpub,7500 35th Ave SW,Seattle,98126,King,47.535,-122.376,2019,0,0,1,0,https://untappd.com/BestOfHands
The Good Society Brewery,,brewpub,2701 California Ave Sw,Seattle,98116,King,47.579189,-122.386747,2020,1,0,1,0,https://untappd.com/goodsocietybeer
The Grain Shed,,brewpub,1026 E Newark Ave,Spokane,99202,Spokane,47.64914975,-117.3941562,2021,0,0,1,0,https://untappd.com/TheGrainShed
The Heavy Metal Brewing Company,,micro,809 Macarthur Blvd,Vancouver,98661,Clark,45.62792809,-122.618584,2017,1,1,1,0,https://untappd.com/TheHeavyMetalBrewingCo
The Hidden Mother Brewery,,taproom,1303 N. Washington St,Spokane,98406,Spokane,47.261918,-122.485637,2018,0,0,1,1,https://untappd.com/TheHiddenMotherBrewery
The Station U-Brew,,micro,211 W Stewart Ave,Puyallup,98371,Pierce,47.19328373,-122.2959375,2010,0,1,1,0,https://untappd.com/w/the-station-u-brew/16747
Thirsty Crab Brewery,,micro,9000 WA-525,Clinton,98236,Island,47.97987418,-122.3592704,2016,1,1,1,0,https://untappd.com/w/thirsty-crab-brewery/522205
Three Bull Brewing,,taproom,809 19th St,Snohomish,98290,Snohomish,47.934463,-122.091729,2017,0,1,1,0,https://untappd.com/ThreeBullBrewingCo
Three Magnets Brewing,,micro,600 Franklin St SE Suite 102,Olympia,98501,Thurston,47.04311475,-122.8985644,2014,0,1,1,0,https://untappd.com/ThreeMagnetsBrewing
Timber Monster Brewing,,taproom,410 Main Street,Sultan,98294,Snohomish,47.86241184,-121.8162157,2018,0,0,0,0,https://untappd.com/w/timber-monster-brewing-company/388115
Timber Patch Brewing,,taproom,180 2nd St,Morton,98356,Lewis,46.55580371,-122.2752505,2020,0,0,1,0,https://untappd.com/w/timber-patch-brewing/466510
Tin Dog Brewing,,taproom,309 S Cloverdale Street,Seattle,98108,King,47.5246936,-122.3313703,2014,0,1,1,0,https://untappd.com/TinDogBrewing
Top Down Brewing Company,,micro,15355 Main St,Sumner,98390,Pierce,47.2033083,-122.2442431,2000,0,0,1,0,https://untappd.com/TopDownBrewingCompany
Top Frog Brewery,,taproom,221 Vista Dr,Newport,99156,Pend Oreille,48.18376927,-117.1586926,2014,0,1,0,0,https://untappd.com/w/top-frog-brewery/130102
Top Rung Brewing Company,,brewpub,8343 Hogum Bay Ln Ne,Lacey,98516,Thurston,47.07583,-122.763153,2014,1,1,1,0,https://untappd.com/TopRungBrewing
Trap Door Brewing,,alt prop,2315 Main St,Vancouver,98660,Clark,45.6386356,-122.6711185,2015,1,1,1,0,https://untappd.com/TrapDoorBrewingCo
Triceratops Brewing Company,,alt prop,8036 River Dr SE #203,Tumwater,98501,Thurston,46.9705449,-122.88462,2014,0,1,1,0,https://untappd.com/TriceratopsBrewingCompany
Triple R Brewing,,taproom,916 NE 64th Street,Seattle,98115,King,47.67506635,-122.3183608,2014,0,1,1,0,https://untappd.com/TripleRBrewing
Triplehorn Brewing Company,,brewpub,19510 144th Ave Ne,Woodinville,98072,King,47.76919839,-122.1476482,2012,1,1,0,0,https://untappd.com/TriplehornBrewing
TT's Old Iron Brewery,,brewpub,154 S Madison,Spokane,99201,Spokane,47.6185516,-117.25099,2017,0,0,1,0,https://untappd.com/TTsOldIronBrewery
Twin Sisters Brewing Company,,micro,508 Carolina Street,Bellingham,98225,Whatcom,48.76031192,-122.4689997,2018,1,0,1,0,https://untappd.com/TwinSistersBrewingCompany
Two Beers Brewing Company,,micro,4700 Ohio Ave S Unit A,Seattle,98134,King,47.56072271,-122.3379517,2008,0,1,1,0,https://untappd.com/TwoBeersBrewingCo
Two Sisters Honey and Brewery,,brewpub,500 Carolina St,Bellingham,98225,Whatcom,48.76004198,-122.4694035,2011,1,0,0,0,https://untappd.com/w/two-sisters-brewery/61640/beer
Uprise Brewing Company,,taproom,617 N Ash St,Spokane,99201,Spokane,47.66292668,-117.43655,2022,0,0,1,0,https://untappd.com/Uprise_Brewing_Co
Urban Family Brewing Company,,micro,1103 NW 52nd St,Seattle,98107,King,47.66613655,-122.3710204,2012,1,1,1,0,https://untappd.com/UrbanFamilyBrewing
V Twin Brewing Company,,taproom,2302 N Argonne Rd Suite H,Spokane Valley,99212,Spokane,47.67782868,-117.2826374,2017,0,1,0,0,https://untappd.com/VTwinBrewingCompany
Valhöll Brewing Company,,taproom,18970 rd Ave Ne,Poulsbo,98061,Kitsap,47.7351943,-122.6454,2010,0,1,1,0,https://untappd.com/ValhollBrewing
Valley Brewing Company,,brewpub,3215 River Road,Yakima,98902,Yakima,46.61807448,-120.551908,2018,0,1,1,0,https://untappd.com/ValleyBrewingWA
Valley House Brewing Company,,micro,16111 Main St Ne,Duvall,98019,King,47.74335796,-121.9858577,2017,0,0,1,0,https://untappd.com/ValleyHouseBrewingCo
Varietal Beer Company,,micro,416 E Edison Ave,Sunnyside,98944,Yakima,46.32370381,-120.0154696,2017,1,1,0,0,https://untappd.com/VarietalBeerCo
Vashon Brewing,,taproom,17205 Vashon Hwy Sw,Vashon,98070,King,47.4505138,-122.4610462,2011,0,1,1,0,https://untappd.com/VashonBrewingCompany
Vice Beer,,taproom,705 SE Park Crest Avenue Suite D430,Vancouver,98683,Clark,45.61538937,-122.521748,2022,1,0,1,0,https://untappd.com/Vice_Beer
Victor 23 Craft Brewery,,taproom,2905 St John's Blvd,Vancouver,98661,Clark,45.64258,-122.646328,2016,0,1,1,0,https://untappd.com/Victor23Brewing
Volition Brewing Company,,brewpub,43525 se 76th ST,Snoqualmie,98065,King,47.49516514,-121.7860501,2019,1,0,1,0,https://untappd.com/VolitionBrewingCo
Walking Man Brewing,,taproom,240 1St Street #3,Stevenson,98648,Skamania,45.69248008,-121.8838479,2003,0,0,1,0,https://untappd.com/WalkingManBrewing
Wander Brewing,,taproom,1807 Dean Ave,Bellingham,98225,Whatcom,48.75426712,-122.4737586,2014,1,1,1,0,https://untappd.com/WanderBrewing
Wandering Hop Brewery,,taproom,508 N 20th Ave,Yakima,98902,Yakima,46.6052949,-120.53703,2019,0,1,1,0,https://untappd.com/WanderingHop
Wandering Hop Brewery,,micro,508 N 20th Ave,Yakima,98902,Yakima,46.60572142,-120.5358957,2019,0,1,1,0,https://untappd.com/WanderingHop
Water Buffalo Brewery,,micro,136 Russet Road,Walla Walla,99362,Walla Walla,46.0522023,-118.40608,2020,1,1,1,0,https://untappd.com/WaterBuffaloBrewery
Watts Brewing Company,,brewpub,15510 Redmond - Woodinville Rd NE #E110,Woodinville,98072,Snohomish,47.74011203,-122.1537687,2015,1,1,0,0,https://untappd.com/WattsBrewingCompany
Well 80 Brewing Company,,taproom,514 4th Ave E,Olympia,98501,Thurston,47.04534571,-122.8964257,2021,1,0,1,0,https://untappd.com/Well80Brewhouse
Wenatchee Valley Brewing Company,,brewpub,108 E Island View Street,Wenatchee,98801,Chelan,47.434948,-120.31472,2016,1,1,0,0,https://untappd.com/WenatcheeValleyBrewingCompany
West Seattle Brewing Company,,brewpub,4414 Fauntleroy Way Sw,Seattle,98126,King,47.5642194,-122.3776803,2013,0,1,1,0,https://untappd.com/WestSeattleBrewingCo
West Seattle Brewing Company,,taproom,2356 Alki Ave Sw,Seattle,98116,King,47.58228,-122.4024341,2013,0,1,1,0,https://untappd.com/WestSeattleBrewingCo
Western Red Brewing,,taproom,19168 Jensen Way Ne,Poulsbo,98370,Kitsap,47.7370261,-122.6466751,2018,1,1,1,0,https://untappd.com/WesternRedBrewing
Wet Coast Brewing Company,,micro,6820 Kimball Dr Suite C,Gig Harbor,98335,Pierce,47.32100098,-122.5871411,2015,1,0,0,0,https://untappd.com/WetCoastBrewing
Wheelie Pop Brewing,,taproom,1110 NW 50th St,Seattle,98107,King,47.6651248,-122.3710279,2020,0,0,0,0,https://untappd.com/WheeliePopBrewing
Whipsaw Brewing,,taproom,704 N Wenas St,Ellensburg,98926,Kittitas,46.99859732,-120.5555012,2016,0,1,1,0,https://untappd.com/WhipsawBrewing
Whistle Punk Brewing Company,,micro,122 S Monroe,Spokane,99201,Spokane,47.6559616,-117.42673,2016,1,1,1,0,https://untappd.com/WhistlePunkBrewing
White Bluffs Brewing,,taproom,2034 Logston Blvd,Richland,99354,Benton,46.31881569,-119.3015375,2011,1,1,1,0,https://untappd.com/w/white-bluffs-brewing/10846
Whitewall Brewing Company,,taproom,14524 Smokey Point Blvd,Marysville,98271,Snohomish,48.12819955,-122.1843224,2014,1,1,0,0,https://untappd.com/WhitewallBrewingCompany
Wicked Teuton Brewing Company,,brewpub,1341 SW Barlow St,Oak Harbor,98277,Island,48.28738818,-122.6599142,2017,0,1,1,0,https://untappd.com/WickedTeutonBrewingCompany
Wild Man Brewing Company,,micro,203 Duryea St,Raymond,98577,Pacific,46.68666224,-123.7343282,2021,0,0,1,0,https://untappd.com/WildManBrewing
Wild Oak Project,,brewpub,5229 144th St SE,Everett,98208,Snohomish,47.86718627,-122.160425,2022,0,0,1,0,https://untappd.com/WildOakProject
Willapa Brewing Company,,taproom,405 Minnesota St,South Bend,98586,Pacific,46.66534241,-123.7923129,2018,0,1,0,0,https://untappd.com/WillapaBrewingCo
Yaya Brewing Company,,taproom,11712 E Montgomery Dr,Spokane Valley,99206,Spokane,47.674922,-117.247451,2020,1,0,1,0,https://untappd.com/YaYaBrewingCompany
Yoked Farmhouse and Brewery,,taproom,525 SW Pine Rd SW,Port Orchard,98376,Kitsap,47.41845427,-122.6545476,2020,0,0,1,0,https://untappd.com/YokedFarmhouseBrewery
Captain's Brewing Company,,micro,Ridgefield,Ridgefield,98642,Clark,45.80739412,-122.7144115,2017,0,1,1,0,https://untappd.com/w/captain-s-brewing-company/389266
45 Degree Brewhouse,,brewpub,10421 E Sprague Ave,Spokane Valley,99206,Spokane,47.65741858,-117.2644514,2022,0,0,1,0,https://untappd.com/w/45-degree-brewhouse/530239
Another Round Brewing Company,,brewpub,745 N Grand Ave #102,Pullman,99163,Whitman,46.73590969,-117.1759123,2021,0,0,1,0,https://untappd.com/AnotherRoundBrewingCo/beer
Rock and Reef Brewing,,micro,416 S Main St,Ellensburg,98926,Kittitas,46.99613501,-120.5484251,2022,0,0,1,0,https://untappd.com/w/enchantment-brewing/529607
High Bluff Brewing,,nano,Port Angeles,Port Angeles,98362,Clallam,48.1190175,-123.4308425,2022,0,0,1,0,https://untappd.com/HighBluffBrewing
Hillbilly Brewing Company,,nano,23118 NW Maplecrest Rd,Ridgefield,98642,Clark,45.7882599,-122.6758731,2015,0,1,1,0,https://untappd.com/HillbillyBrewingCompany
Logsdon Farmhouse Ales,,micro,1834 Main St,Washougal,98671,Clark,45.57826848,-122.3519647,2009,0,1,1,1,https://untappd.com/LogsdonFarmhouseAles
Millwood Brewing Company,,micro,9013 E Frederick Ave,Millwood,99212,Spokane,47.68543023,-117.2834938,2017,0,1,1,1,https://untappd.com/Millwood_Brewing_Company
Pint Size Brewing,,nano,7410B Greenwood Ave N,Seattle,98103,King,47.6829051,-122.3549746,2019,0,0,1,1,https://untappd.com/PintSizeBrewing
Slaughter County Brewing Company,,nano,1307 Bay St,Port Orchard,98366,Kitsap,47.54320643,-122.6269913,2012,0,1,1,1,https://untappd.com/SlaughterCountyBrewingCompany
Spokanite Brewing,,nano,6607 N Ash St,Spokane,99208,Spokane,47.7182742,-117.4365533,2022,0,0,1,0,https://untappd.com/SpokaniteBrewing
Top Knot Brewing,,nano,1753 Havillah Rd,Tonasket,98855,Okanogan,48.84809734,-119.1918555,2022,0,0,1,1,https://untappd.com/Top_Knot_Brewing
Trusty Brewing Company,,micro,114 E Evergreen Blvd,Vancouver,98660,Clark,45.6289231,-122.6707958,2016,0,1,1,1,https://untappd.com/TrustyBrewing
Wildland Cooperative,,micro,8022 E Greenbluff Rd,Colbert,99005,Spokane,47.8234405,-117.2975874,2021,0,0,1,0,https://untappd.com/wildlandcoop
Yakima Craft Brewing Company,,taproom,2920 River Road #6,Yakima,98902,Yakima,46.61792914,-120.5474552,2008,0,1,1,1,https://untappd.com/v/yakima-craft-brewing-company/49925
Schooner Exact Brewing Company,,micro,3901 1st Ave S,Seattle,98134,King,47.56771692,-122.3357297,2007,0,1,1,1,https://untappd.com/SchoonerExactBrewing
Counterbalance Brewing Company,,micro,503 S Michigan St Ste B,Seattle,98108,King,47.545389,-122.3305859,2015,0,1,1,1,https://untappd.com/Counterbalance
Barlow's Brewery,,brewpub,705 SE Park Crest Ave Suite D430,Vancouver,98683,Clark,45.61626235,-122.5222064,2020,0,0,1,1,https://untappd.com/BarlowsBrewery
Decibel Brewing Company,,micro,18204 Bothell Everett Hwy Suite C,Bothell,98012,Snohomish,47.8332561,-122.2103369,2016,0,1,1,1,https://untappd.com/DecibelBrewing
Darach Brewing Company,,taproom,1015 N State St,Bellingham,98225,Whatcom,48.74570657,-122.4813808,2022,0,0,1,1,https://untappd.com/v/darach-brewing-company/11718840
Common Language Brewing Company,,micro,"926 W Sprague Ave, Spokane, WA",Spokane,99201,Spokane,47.6575152,-117.4262344,2023,0,0,1,1,https://untappd.com/w/common-language-brewing/519175
Griffin Brewing Pilot House,,micro,1214 Griffin Ave,Enumclaw,98022,King,47.2061282,-121.9899971,2022,0,0,1,0,https://untappd.com/v/griffin-brewing-pilot-house/11184124
Ridgeline Brewing Company,,nano,941 N Callow Ave,Bremerton,98312,Kitsap,47.5709387,-122.6539669,2017,0,0,1,0,https://untappd.com/RidgelineBrewing
New Maitland Brewing Llc,,nano,8903 E Greenbluff Rd,Colbert,99005,Spokane,47.825198,-117.285727,2022,0,0,1,0,https://untappd.com/b/new-maitland-brewing-scottish-stoat/5426770
Berchmans Brewing Company,,nano,25 North Front Street,Yakima,98901,Yakima,46.602834,-120.507761,2014,0,1,0,1,https://untappd.com/BerchmansBrewingCompany
Mcmillin Farm brewhouse,,micro,12517 WA-162,Puyallup,98374,KIma,47.14536,-122.2355246,2021,0,0,1,0,https://untappd.com/w/mcmillin-farm-brew/535926
